Format,ABLayout,CTAGroup,M,N,K,PipelineDepth,Cycles,CyclesPerMMA,FLOPsPerCycle
BF16,SS,1,64,64,16,16,644420,40.2762,3254.328859227037
BF16,SS,1,64,64,16,32,1156915,36.1536,3625.4204283944064
BF16,SS,1,64,64,16,64,2180915,34.0768,3846.3705512254674
BF16,SS,1,64,64,16,128,4228915,33.0384,3967.262337159184
BF16,SS,1,64,64,16,256,8323191,32.5125,4031.4340638216067
BF16,SS,1,64,80,16,16,772421,48.2763,3393.7977848343803
BF16,SS,1,64,80,16,32,1412789,44.1497,3711.01049384254
BF16,SS,1,64,80,16,64,2692789,42.0748,3894.0173215321283
BF16,SS,1,64,80,16,128,5252789,41.0374,3992.455662395766
BF16,SS,1,64,80,16,256,10373163,40.5202,4043.415382944803
BF16,SS,1,64,96,16,16,900421,56.2763,3493.619871953202
BF16,SS,1,64,96,16,32,1668789,52.1497,3770.069626479155
BF16,SS,1,64,96,16,64,3204789,50.0748,3926.2862757315056
BF16,SS,1,64,96,16,128,6276789,49.0374,4009.3479670618754
BF16,SS,1,64,96,16,256,12421161,48.5202,4052.085523142938
BF16,SS,1,64,112,16,16,1028421,64.2763,3568.5937118346883
BF16,SS,1,64,112,16,32,1924789,60.1497,3813.4188532943635
BF16,SS,1,64,112,16,64,3716789,58.0748,3949.664914902849
BF16,SS,1,64,112,16,128,7300789,57.0374,4021.501681352937
BF16,SS,1,64,112,16,256,14469161,56.5202,4058.301279896391
BF16,SS,1,64,128,16,16,1156668,72.2917,3626.1977516091056
BF16,SS,1,64,128,16,32,2181287,68.1652,3845.7159958453876
BF16,SS,1,64,128,16,64,4229287,66.0826,3966.914134734408
BF16,SS,1,64,128,16,128,8325029,65.0393,4030.5476842462945
BF16,SS,1,64,128,16,256,16517028,64.5196,4063.013409878549
BF16,SS,1,64,256,16,16,2180668,136.2918,3846.8051636268656
BF16,SS,1,64,256,16,32,4229287,132.1652,3966.914134734408
BF16,SS,1,64,256,16,64,8319558,129.9931,4033.1986851609818
BF16,SS,1,64,256,16,128,16517040,129.0394,4063.00711255632
BF16,SS,1,64,256,16,256,32901040,128.5197,4079.436848981129
BF16,SS,1,128,64,16,16,900668,56.2918,4656.877200586941
BF16,SS,1,128,64,16,32,1669287,52.1652,5025.26588606964
BF16,SS,1,128,64,16,64,3205287,50.0826,5234.233047006345
BF16,SS,1,128,64,16,128,6277287,49.0413,5345.372165909142
BF16,SS,1,128,64,16,256,12420169,48.5163,5403.21500196841
BF16,SS,1,128,80,16,16,968421,60.5263,5413.844890568233
BF16,SS,1,128,80,16,32,1800789,56.2747,5822.865337354086
BF16,SS,1,128,80,16,64,3464789,54.1373,6052.758449350078
BF16,SS,1,128,80,16,128,6792789,53.0687,6174.6377808388
BF16,SS,1,128,80,16,256,13449161,52.5358,6237.270585010602
BF16,SS,1,128,96,16,16,1036421,64.7763,6070.3683291574225
BF16,SS,1,128,96,16,32,1932789,60.3997,6510.23101108118
BF16,SS,1,128,96,16,64,3724789,58.1998,6756.311877360403
BF16,SS,1,128,96,16,128,7308789,57.0999,6886.456893970042
BF16,SS,1,128,96,16,256,14476231,56.5478,6953.69227450051
BF16,SS,1,128,112,16,16,1104421,69.0263,6646.046506911133
BF16,SS,1,128,112,16,32,2064789,64.5247,7109.711474830569
BF16,SS,1,128,112,16,64,3984789,62.2623,7368.054183671338
BF16,SS,1,128,112,16,128,7821460,61.1052,7507.577096548248
BF16,SS,1,128,112,16,256,15505161,60.567,7574.28962966632
BF16,SS,1,128,128,16,16,1172420,73.2763,7154.946415143777
BF16,SS,1,128,128,16,32,2196915,68.6536,7636.715336122214
BF16,SS,1,128,128,16,64,4244915,66.3268,7904.617741244866
BF16,SS,1,128,128,16,128,8340913,65.1634,8045.743469493612
BF16,SS,1,128,128,16,256,16532913,64.5817,8118.213054162402
BF16,SS,1,128,256,16,16,2196668,137.2918,7637.571945301905
BF16,SS,1,128,256,16,32,4245287,132.6652,7903.9265760727
BF16,SS,1,128,256,16,64,8335658,130.2447,8050.815119540373
BF16,SS,1,128,256,16,128,16533037,129.1644,8118.150202377745
BF16,SS,1,128,256,16,256,32917163,128.5827,8154.876200297553
BF16,SS,2,128,64,16,16,556661,34.7913,7534.757252531524
BF16,SS,2,128,64,16,32,957278,29.9149,8762.99101785398
BF16,SS,2,128,64,16,64,1757278,27.4575,9547.2639533825
BF16,SS,2,128,64,16,128,3357278,26.2287,9994.547957008925
BF16,SS,2,128,64,16,256,6557278,25.6144,10234.243238178524
BF16,SS,2,128,80,16,16,592411,37.0257,8850.069006122774
BF16,SS,2,128,80,16,32,1025030,32.0322,10229.706357977284
BF16,SS,2,128,80,16,64,1889030,29.5161,11101.737695698279
BF16,SS,2,128,80,16,128,3617030,28.258,11596.008210064407
BF16,SS,2,128,80,16,256,7073030,27.629,11860.002171631257
BF16,SS,2,128,96,16,16,628411,39.2757,10011.68661538814
BF16,SS,2,128,96,16,32,1093030,34.1572,11511.950628271637
BF16,SS,2,128,96,16,64,2021030,31.5786,12451.976971746688
BF16,SS,2,128,96,16,128,3877030,30.2893,12982.01014879842
BF16,SS,2,128,96,16,256,7589030,29.6446,13264.338193127922
BF16,SS,2,128,112,16,16,650411,40.6507,11285.217720728057
BF16,SS,2,128,112,16,32,1131030,35.3447,12979.371730415025
BF16,SS,2,128,112,16,64,2091030,32.6723,14041.007214062065
BF16,SS,2,128,112,16,128,4011030,31.3362,14639.681901443058
BF16,SS,2,128,112,16,256,7848550,30.6584,14963.337943271665
BF16,SS,2,128,128,16,16,684411,42.7757,12256.67844126455
BF16,SS,2,128,128,16,32,1196906,37.4033,14017.15891378568
BF16,SS,2,128,128,16,64,2220906,34.7017,15108.424082969997
BF16,SS,2,128,128,16,128,4268906,33.3508,15720.40250908524
BF16,SS,2,128,128,16,256,8360884,32.6597,16053.056213008693
BF16,SS,2,128,256,16,16,1196411,74.7757,14022.951306373594
BF16,SS,2,128,256,16,32,2220906,69.4033,15108.445851998391
BF16,SS,2,128,256,16,64,4268906,66.7017,15720.378940866574
BF16,SS,2,128,256,16,128,8364658,65.3489,16045.809493350309
BF16,SS,2,128,256,16,256,16556658,64.6744,16213.153890874904
BF16,SS,2,256,64,16,16,853411,53.3382,9829.503057845972
BF16,SS,2,256,64,16,32,1541906,48.1846,10880.820843173959
BF16,SS,2,256,64,16,64,2917906,45.5923,11499.485658762555
BF16,SS,2,256,64,16,128,5669906,44.2961,11835.985560805579
BF16,SS,2,256,64,16,256,11173904,43.6481,12011.702685798466
BF16,SS,2,256,80,16,16,897411,56.0882,11684.454127606163
BF16,SS,2,256,80,16,32,1622030,50.6884,12929.190899693027
BF16,SS,2,256,80,16,64,3074030,48.0317,13644.322395418027
BF16,SS,2,256,80,16,128,5974030,46.6721,14041.793705447151
BF16,SS,2,256,80,16,256,11778278,46.0089,14244.20057858371
BF16,SS,2,256,96,16,16,963411,60.2132,13060.79065719809
BF16,SS,2,256,96,16,32,1754030,54.8134,14347.44058934494
BF16,SS,2,256,96,16,64,3332030,52.063,15105.391544859112
BF16,SS,2,256,96,16,128,6490030,50.7034,15510.439142148258
BF16,SS,2,256,96,16,256,12804274,50.0167,15723.388388278316
BF16,SS,2,256,112,16,16,1073411,67.0882,13676.086107542013
BF16,SS,2,256,112,16,32,1970030,61.5634,14903.40039698912
BF16,SS,2,256,112,16,64,3762030,58.7817,15608.667323333622
BF16,SS,2,256,112,16,128,7346030,57.3909,15986.924756363813
BF16,SS,2,256,112,16,256,14514276,56.6964,16182.755871625008
BF16,SS,2,256,128,16,16,1201661,75.1038,13961.690353883558
BF16,SS,2,256,128,16,32,2226278,69.5712,15071.983809392392
BF16,SS,2,256,128,16,64,4274280,66.7856,15700.630075944515
BF16,SS,2,256,128,16,128,8369780,65.3889,16035.993876636552
BF16,SS,2,256,128,16,256,16561780,64.6945,16208.116609603598
BF16,SS,2,256,256,16,16,2225411,139.0882,15077.857071987415
BF16,SS,2,256,256,16,32,4273906,133.5596,15701.993716662824
BF16,SS,2,256,256,16,64,8369658,130.7759,16036.226858312579
BF16,SS,2,256,256,16,128,16561658,129.388,16208.241877144712
BF16,SS,2,256,256,16,256,32945646,128.6939,16295.65970104255
BF16,TS,1,64,64,16,16,628421,39.2763,3337.177890992787
BF16,TS,1,64,64,16,32,1140791,35.6497,3676.664880770385
BF16,TS,1,64,64,16,64,2164791,33.8249,3875.0151515599455
BF16,TS,1,64,64,16,128,4212791,32.9124,3982.450383442107
BF16,TS,1,64,64,16,256,8307673,32.4518,4038.9747255930333
BF16,TS,1,64,80,16,16,756668,47.2918,3464.448382171962
BF16,TS,1,64,80,16,32,1397287,43.6652,3752.1870963604883
BF16,TS,1,64,80,16,64,2677287,41.8326,3916.5626807800613
BF16,TS,1,64,80,16,128,5237287,40.9163,4004.2721360435817
BF16,TS,1,64,80,16,256,10357037,40.4572,4049.711794192381
BF16,TS,1,64,96,16,16,884668,55.2918,3555.8256377980097
BF16,TS,1,64,96,16,32,1653287,51.6652,3805.424153975984
BF16,TS,1,64,96,16,64,3189287,49.8326,3945.3690957325125
BF16,TS,1,64,96,16,128,6261287,48.9163,4019.273739019509
BF16,TS,1,64,96,16,256,12405037,48.4572,4057.3537059508185
BF16,TS,1,64,112,16,16,1012668,63.2918,3624.102964365052
BF16,TS,1,64,112,16,32,1909287,59.6652,3844.3850016424985
BF16,TS,1,64,112,16,64,3701287,57.8326,3966.2059115446996
BF16,TS,1,64,112,16,128,7285287,56.9163,4030.0581731419647
BF16,TS,1,64,112,16,256,14453037,56.4572,4062.829895921158
BF16,TS,1,64,128,16,16,1140670,71.2919,3677.0516706666535
BF16,TS,1,64,128,16,32,2165287,67.6652,3874.133232444447
BF16,TS,1,64,128,16,64,4213289,65.8326,3981.978533431765
BF16,TS,1,64,128,16,128,8309535,64.9182,4038.0663665967327
BF16,TS,1,64,128,16,256,16501535,64.4591,4066.826871613162
BF16,TS,1,64,256,16,16,2164670,135.2919,3875.235694080725
BF16,TS,1,64,256,16,32,4213287,131.6652,3981.978533431765
BF16,TS,1,64,256,16,64,8309535,129.8365,4038.0632564802654
BF16,TS,1,64,256,16,128,16501535,128.9182,4066.826871613162
BF16,TS,1,64,256,16,256,32885535,128.4591,4081.361304882254
BF16,TS,1,128,64,16,16,628421,39.2763,6674.355781985574
BF16,TS,1,128,64,16,32,1140791,35.6497,7353.32976154077
BF16,TS,1,128,64,16,64,2164791,33.8249,7750.030303119891
BF16,TS,1,128,64,16,128,4212791,32.9124,7964.900766884214
BF16,TS,1,128,64,16,256,8307673,32.4518,8077.949451186067
BF16,TS,1,128,80,16,16,756420,47.2762,6931.183132316049
BF16,TS,1,128,80,16,32,1396915,43.6536,7506.368317847784
BF16,TS,1,128,80,16,64,2676915,41.8268,7834.2115581397575
BF16,TS,1,128,80,16,128,5236915,40.9134,8009.111929099024
BF16,TS,1,128,80,16,256,10356913,40.4567,8099.523688288961
BF16,TS,1,128,96,16,16,884420,55.2762,7113.658319493742
BF16,TS,1,128,96,16,32,1652915,51.6536,7612.557498412502
BF16,TS,1,128,96,16,64,3188915,49.8268,7891.65669880466
BF16,TS,1,128,96,16,128,6260915,48.9134,8039.024071113437
BF16,TS,1,128,96,16,256,12404913,48.4567,8114.79114343321
BF16,TS,1,128,112,16,16,1012420,63.2762,7249.992888321359
BF16,TS,1,128,112,16,32,1908915,59.6536,7690.265130687838
BF16,TS,1,128,112,16,64,3700915,57.8268,7933.207440148859
BF16,TS,1,128,112,16,128,7284915,56.9134,8060.527046354637
BF16,TS,1,128,112,16,256,14452913,56.4567,8125.731755486949
BF16,TS,1,128,128,16,16,1140421,71.2763,7355.712908778934
BF16,TS,1,128,128,16,32,2164913,67.6535,7749.606450516234
BF16,TS,1,128,128,16,64,4212915,65.8268,7964.658771199572
BF16,TS,1,128,128,16,128,8309161,64.9153,8076.49352309856
BF16,TS,1,128,128,16,256,16501161,64.4577,8133.830403504934
BF16,TS,1,128,256,16,16,2164421,135.2763,7751.365168917246
BF16,TS,1,128,256,16,32,4212791,131.6497,7964.894716812875
BF16,TS,1,128,256,16,64,8307673,129.8074,8077.9370051322185
BF16,TS,1,128,256,16,128,16499673,128.9037,8134.568674134258
BF16,TS,1,128,256,16,256,32883673,128.4518,8163.186502641458
BF16,TS,2,128,64,16,16,423417,26.4636,9905.832917668042
BF16,TS,2,128,64,16,32,696160,21.755,12049.827625833143
BF16,TS,2,128,64,16,64,1240160,19.3775,13528.267320345762
BF16,TS,2,128,64,16,128,2328160,18.1887,14412.464882042146
BF16,TS,2,128,64,16,256,4504160,17.5944,14899.286136497976
BF16,TS,2,128,80,16,16,473667,29.6042,11068.699711527419
BF16,TS,2,128,80,16,32,794284,24.8214,13201.511598862271
BF16,TS,2,128,80,16,64,1434286,22.4107,14621.58700977658
BF16,TS,2,128,80,16,128,2714286,21.2054,15452.667716713666
BF16,TS,2,128,80,16,256,5274286,20.6027,15904.711518393222
BF16,TS,2,128,96,16,16,537667,33.6042,11701.394468548575
BF16,TS,2,128,96,16,32,922284,28.8214,13643.195680987044
BF16,TS,2,128,96,16,64,1690286,26.4107,14888.511095881595
BF16,TS,2,128,96,16,128,3226286,25.2054,15600.46656668809
BF16,TS,2,128,96,16,256,6298286,24.6027,15982.63605214062
BF16,TS,2,128,112,16,16,601667,37.6042,12199.488355024174
BF16,TS,2,128,112,16,32,1050284,32.8214,13977.222178212996
BF16,TS,2,128,112,16,64,1946286,30.4107,15085.21671648466
BF16,TS,2,128,112,16,128,3738286,29.2054,15707.780068069604
BF16,TS,2,128,112,16,256,7322286,28.6027,16038.765571082451
BF16,TS,2,128,128,16,16,665417,41.5886,12606.531597601266
BF16,TS,2,128,128,16,32,1177910,36.8097,14243.202199420262
BF16,TS,2,128,128,16,64,2201912,34.4049,15238.759595290207
BF16,TS,2,128,128,16,128,4249912,33.2024,15790.66573500711
BF16,TS,2,128,128,16,256,8339954,32.5779,16093.363906206354
BF16,TS,2,128,256,16,16,1177417,73.5886,14249.16359327396
BF16,TS,2,128,256,16,32,2201910,68.8097,15238.781741527719
BF16,TS,2,128,256,16,64,4249912,66.4049,15790.641955638815
BF16,TS,2,128,256,16,128,8345912,65.2024,16081.862017349054
BF16,TS,2,128,256,16,256,16537912,64.6012,16231.525110988649
BF16,TS,2,256,64,16,16,657417,41.0886,12759.93827971749
BF16,TS,2,256,64,16,32,1169910,36.5597,14340.599074937705
BF16,TS,2,256,64,16,64,2193912,34.2799,15294.326996286454
BF16,TS,2,256,64,16,128,4241912,33.1399,15820.446048418977
BF16,TS,2,256,64,16,256,8331954,32.5467,16108.791367481188
BF16,TS,2,256,80,16,16,785667,49.1042,13346.312535383939
BF16,TS,2,256,80,16,32,1426284,44.5714,14703.599168973828
BF16,TS,2,256,80,16,64,2706286,42.2857,15498.38361431879
BF16,TS,2,256,80,16,128,5266286,41.1429,15928.87229631358
BF16,TS,2,256,80,16,256,10385790,40.5695,16154.00732077053
BF16,TS,2,256,96,16,16,913667,57.1042,13771.876674570347
BF16,TS,2,256,96,16,32,1682284,52.5714,14959.312477887217
BF16,TS,2,256,96,16,64,3218286,50.2857,15639.277170249197
BF16,TS,2,256,96,16,128,6290286,49.1429,16002.962788113848
BF16,TS,2,256,96,16,256,12433790,48.5695,16191.889972101833
BF16,TS,2,256,112,16,16,1041667,65.1042,14092.854224458635
BF16,TS,2,256,112,16,32,1938284,60.5714,15147.478843150398
BF16,TS,2,256,112,16,64,3730286,58.2857,15741.49405428776
BF16,TS,2,256,112,16,128,7314286,57.1429,16056.307957769033
BF16,TS,2,256,112,16,256,14481790,56.5695,16219.057972935947
BF16,TS,2,256,128,16,16,1169417,73.0886,14346.642294420744
BF16,TS,2,256,128,16,32,2194160,68.5675,15292.609472417691
BF16,TS,2,256,128,16,64,4242160,66.2837,15819.515205095673
BF16,TS,2,256,128,16,128,8337168,65.1341,16098.725552360436
BF16,TS,2,256,128,16,256,16529168,64.5671,16240.097510961466
BF16,TS,2,256,256,16,16,2193417,137.0886,15297.785519729574
BF16,TS,2,256,256,16,32,4241910,132.5597,15820.434113837011
BF16,TS,2,256,256,16,64,8337912,130.2799,16097.279779920003
BF16,TS,2,256,256,16,128,16529912,129.1399,16239.380702633343
BF16,TS,2,256,256,16,256,32913912,128.57,16311.363459593997
E4M3,SS,1,64,64,32,32,1157039,36.1575,7250.058770656157
E4M3,SS,1,64,64,32,64,2181039,34.0787,7692.312206744976
E4M3,SS,1,64,64,32,128,4229039,33.0394,7934.284520905343
E4M3,SS,1,64,64,32,256,8325409,32.5211,8060.735952965922
E4M3,SS,1,64,64,32,512,16523363,32.2722,8122.904543229158
E4M3,SS,1,64,80,32,32,1413163,44.1613,7420.071419998959
E4M3,SS,1,64,80,32,64,2693163,42.0807,7786.9427077021055
E4M3,SS,1,64,80,32,128,5253163,41.0403,7984.347092979339
E4M3,SS,1,64,80,32,256,10372539,40.5177,8087.329734905979
E4M3,SS,1,64,80,32,512,20618495,40.2705,8136.973715250618
E4M3,SS,1,64,96,32,32,1669163,52.1613,7538.462423290831
E4M3,SS,1,64,96,32,64,3205163,50.0807,7851.647441030177
E4M3,SS,1,64,96,32,128,6277163,49.0403,8018.221748235635
E4M3,SS,1,64,96,32,256,12420539,48.5177,8104.588634663226
E4M3,SS,1,64,96,32,512,24714497,48.2705,8146.093369656415
E4M3,SS,1,64,112,32,32,1925163,60.1613,7625.367138010648
E4M3,SS,1,64,112,32,64,3717163,58.0807,7898.527393781411
E4M3,SS,1,64,112,32,128,7301163,57.0403,8042.594446382645
E4M3,SS,1,64,112,32,256,14468539,56.5177,8116.961589024324
E4M3,SS,1,64,112,32,512,28810987,56.2715,8152.475053979368
E4M3,SS,1,64,128,32,32,2181039,68.1575,7692.300920661703
E4M3,SS,1,64,128,32,64,4229039,66.0787,7934.296528230731
E4M3,SS,1,64,128,32,128,8325399,65.0422,8060.735952965922
E4M3,SS,1,64,128,32,256,16517153,64.5201,8125.963846925222
E4M3,SS,1,64,128,32,512,32906365,64.2702,8157.559802210044
E4M3,SS,1,64,256,32,32,4229039,132.1575,7934.290524563495
E4M3,SS,1,64,256,32,64,8319061,129.9853,8066.881408897776
E4M3,SS,1,64,256,32,128,16517409,129.0423,8125.831607155173
E4M3,SS,1,64,256,32,256,32901409,128.5211,8158.784822103142
E4M3,SS,1,64,256,32,512,65674369,128.2703,8174.737254064269
E4M3,SS,1,128,64,32,32,1669039,52.1575,10052.015529885442
E4M3,SS,1,128,64,32,64,3205039,50.0787,10469.281351153286
E4M3,SS,1,128,64,32,128,6277039,49.0394,10691.158537828765
E4M3,SS,1,128,64,32,256,12421409,48.5211,10805.360966672231
E4M3,SS,1,128,64,32,512,24715363,48.2722,10861.075318713463
E4M3,SS,1,128,80,32,32,1801163,56.2863,11643.330615087509
E4M3,SS,1,128,80,32,64,3465163,54.1432,12104.197757059059
E4M3,SS,1,128,80,32,128,6793163,53.0716,12348.60075822097
E4M3,SS,1,128,80,32,256,13448539,52.5334,12475.111072194071
E4M3,SS,1,128,80,32,512,26766243,52.2778,12536.10519187877
E4M3,SS,1,128,96,32,32,1933163,60.4113,13017.961871371748
E4M3,SS,1,128,96,32,64,3725163,58.2057,13511.254052438164
E4M3,SS,1,128,96,32,128,7309163,57.1028,13772.21432223989
E4M3,SS,1,128,96,32,256,14476291,56.548,13907.335361109146
E4M3,SS,1,128,96,32,512,28819241,56.2876,13971.674045438072
E4M3,SS,1,128,112,32,32,2065163,64.5363,14216.86709650228
E4M3,SS,1,128,112,32,64,3985163,62.2682,14734.71210023736
E4M3,SS,1,128,112,32,128,7823173,61.1185,15011.886744602698
E4M3,SS,1,128,112,32,256,15504539,60.5646,15149.179553732709
E4M3,SS,1,128,112,32,512,30870495,60.2939,15217.194442555548
E4M3,SS,1,128,128,32,32,2197039,68.6575,15272.563084877836
E4M3,SS,1,128,128,32,64,4245039,66.3287,15808.782623509884
E4M3,SS,1,128,128,32,128,8341409,65.1673,16090.523928411949
E4M3,SS,1,128,128,32,256,16533409,64.5836,16235.948445116097
E4M3,SS,1,128,128,32,512,32923607,64.3039,16306.56927495844
E4M3,SS,1,128,256,32,32,4245039,132.6575,15808.770706518666
E4M3,SS,1,128,256,32,64,8335039,130.235,16102.829500518292
E4M3,SS,1,128,256,32,128,16533409,129.1673,16235.93587541119
E4M3,SS,1,128,256,32,256,32917409,128.5836,16309.638243135207
E4M3,SS,1,128,256,32,512,65691357,128.3034,16345.256633884994
E4M3,SS,2,128,64,32,32,956904,29.9032,17532.839294791193
E4M3,SS,2,128,64,32,64,1756906,27.4517,19098.56220197656
E4M3,SS,2,128,64,32,128,3356906,26.2258,19991.30627092405
E4M3,SS,2,128,64,32,256,6556906,25.6129,20469.68519769335
E4M3,SS,2,128,64,32,512,12962980,25.3183,20707.86743185759
E4M3,SS,2,128,80,32,32,1025278,32.0399,20454.495800548688
E4M3,SS,2,128,80,32,64,1889280,29.52,22200.542005420055
E4M3,SS,2,128,80,32,128,3617280,28.26,23190.375088464258
E4M3,SS,2,128,80,32,256,7073280,27.63,23719.145855953673
E4M3,SS,2,128,80,32,512,13990730,27.3256,23983.370904938958
E4M3,SS,2,128,96,32,32,1093278,34.1649,23018.712187069184
E4M3,SS,2,128,96,32,64,2021280,31.5825,24900.878651151746
E4M3,SS,2,128,96,32,128,3877280,30.2913,25962.306008655953
E4M3,SS,2,128,96,32,256,7589280,29.6456,26527.781525757615
E4M3,SS,2,128,96,32,512,15018974,29.3339,26809.663904220033
E4M3,SS,2,128,112,32,32,1131278,35.3524,25953.089464930243
E4M3,SS,2,128,112,32,64,2091280,32.6763,28078.576827853827
E4M3,SS,2,128,112,32,128,4011280,31.3381,29277.588622156414
E4M3,SS,2,128,112,32,256,7848738,30.6591,29925.99260904593
E4M3,SS,2,128,112,32,512,15536740,30.3452,30235.556199992094
E4M3,SS,2,128,128,32,32,1196904,37.4032,28034.392779227448
E4M3,SS,2,128,128,32,64,2220906,34.7017,30216.848165939995
E4M3,SS,2,128,128,32,128,4268906,33.3508,31440.80501817048
E4M3,SS,2,128,128,32,256,8361883,32.6636,32102.27898945615
E4M3,SS,2,128,128,32,512,16561991,32.3476,32415.882476597955
E4M3,SS,2,128,256,32,32,2220904,69.4032,30216.935242179035
E4M3,SS,2,128,256,32,64,4268906,66.7017,31440.75788173315
E4M3,SS,2,128,256,32,128,8364906,65.3508,32090.685959467977
E4M3,SS,2,128,256,32,256,16556906,64.6754,32425.806411711408
E4M3,SS,2,128,256,32,512,32947104,64.3498,32589.87595921044
E4M3,SS,2,256,64,32,32,1541904,48.1845,21761.686849505546
E4M3,SS,2,256,64,32,64,2917906,45.5923,22998.97131752511
E4M3,SS,2,256,64,32,128,5669906,44.2961,23671.971121611157
E4M3,SS,2,256,64,32,256,11173658,43.6471,24023.955772548463
E4M3,SS,2,256,64,32,512,22187735,43.3354,24196.7536932854
E4M3,SS,2,256,80,32,32,1622278,50.6962,25854.403288609403
E4M3,SS,2,256,80,32,64,3074280,48.0356,27286.42923165319
E4M3,SS,2,256,80,32,128,5974280,46.6741,28082.38402025963
E4M3,SS,2,256,80,32,256,11777286,46.005,28490.816215628733
E4M3,SS,2,256,80,32,512,23387730,45.6792,28694.022662393385
E4M3,SS,2,256,96,32,32,1754278,54.8212,28690.798450234583
E4M3,SS,2,256,96,32,64,3332280,52.0669,30208.520192291075
E4M3,SS,2,256,96,32,128,6490280,50.7053,31019.715887688268
E4M3,SS,2,256,96,32,256,12804278,50.0167,31446.77677655663
E4M3,SS,2,256,96,32,512,25440232,49.688,31654.80598937369
E4M3,SS,2,256,112,32,32,1970278,61.5712,29803.02479081129
E4M3,SS,2,256,112,32,64,3762280,58.7856,31215.26360197055
E4M3,SS,2,256,112,32,128,7346280,57.3928,31972.791012113015
E4M3,SS,2,256,112,32,256,14513784,56.6945,32366.596407058885
E4M3,SS,2,256,112,32,512,28856230,56.3598,32558.809648011527
E4M3,SS,2,256,128,32,32,2225904,69.5595,30149.037874050275
E4M3,SS,2,256,128,32,64,4273906,66.7798,31403.98743332565
E4M3,SS,2,256,128,32,128,8369902,65.3899,32071.497280161006
E4M3,SS,2,256,128,32,256,16561410,64.693,32416.98483607191
E4M3,SS,2,256,128,32,512,32952350,64.3601,32584.66037187636
E4M3,SS,2,256,256,32,32,4273904,133.5595,31404.01094643211
E4M3,SS,2,256,256,32,64,8369906,130.7798,32071.497280161006
E4M3,SS,2,256,256,32,128,16561906,129.3899,32416.007740944227
E4M3,SS,2,256,256,32,256,32945892,128.6949,32591.06615724477
E4M3,SS,2,256,256,32,512,65719114,128.3576,32676.70944299364
E4M3,TS,1,64,64,32,32,1140915,35.6536,7352.525411178675
E4M3,TS,1,64,64,32,64,2164915,33.8268,7749.594995683896
E4M3,TS,1,64,64,32,128,4212915,32.9134,7964.658771199572
E4M3,TS,1,64,64,32,256,8308913,32.4567,8076.729920170566
E4M3,TS,1,64,64,32,512,16507241,32.2407,8130.840831619662
E4M3,TS,1,64,80,32,32,1397039,43.6575,7505.697760980359
E4M3,TS,1,64,80,32,64,2677039,41.8287,7833.855701946271
E4M3,TS,1,64,80,32,128,5237039,40.9144,8008.916176211798
E4M3,TS,1,64,80,32,256,10357409,40.4586,8099.143321815387
E4M3,TS,1,64,80,32,512,20603363,40.2409,8142.959029246363
E4M3,TS,1,64,96,32,32,1653039,51.6575,7611.982771136814
E4M3,TS,1,64,96,32,64,3189039,49.8287,7891.355784919133
E4M3,TS,1,64,96,32,128,6261039,48.9144,8038.859722290368
E4M3,TS,1,64,96,32,256,12405409,48.4586,8114.472972805653
E4M3,TS,1,64,96,32,512,24699363,48.2409,8151.091708488025
E4M3,TS,1,64,112,32,32,1909039,59.6575,7689.762393663831
E4M3,TS,1,64,112,32,64,3701039,57.8287,7932.94678939696
E4M3,TS,1,64,112,32,128,7285039,56.9144,8060.385420912809
E4M3,TS,1,64,112,32,256,14453409,56.4586,8125.4583004183605
E4M3,TS,1,64,112,32,512,28795363,56.2409,8156.9107180006
E4M3,TS,1,64,128,32,32,2164915,67.6536,7749.594995683896
E4M3,TS,1,64,128,32,64,4212915,65.8268,7964.658771199572
E4M3,TS,1,64,128,32,128,8308913,64.9134,8076.729920170566
E4M3,TS,1,64,128,32,256,16500913,64.4567,8133.956594116671
E4M3,TS,1,64,128,32,512,32891233,64.2407,8161.305838821806
E4M3,TS,1,64,256,32,32,4212915,131.6536,7964.658771199572
E4M3,TS,1,64,256,32,64,8308913,129.8268,8076.729920170566
E4M3,TS,1,64,256,32,128,16500913,128.9134,8133.956594116671
E4M3,TS,1,64,256,32,256,32884913,128.4567,8162.875116673556
E4M3,TS,1,64,256,32,512,65659233,128.2407,8176.624113873365
E4M3,TS,1,128,64,32,32,1141287,35.6652,14700.26804840573
E4M3,TS,1,128,64,32,64,2165289,33.8326,15496.532929777788
E4M3,TS,1,128,64,32,128,4213289,32.9163,15927.91413372706
E4M3,TS,1,128,64,32,256,8309533,32.4591,16152.26546638693
E4M3,TS,1,128,64,32,512,16507737,32.2417,16261.177295241876
E4M3,TS,1,128,80,32,32,1397287,43.6652,15008.748385441953
E4M3,TS,1,128,80,32,64,2677287,41.8326,15666.250723120245
E4M3,TS,1,128,80,32,128,5237287,40.9163,16017.088544174327
E4M3,TS,1,128,80,32,256,10357037,40.4572,16198.847176769525
E4M3,TS,1,128,80,32,512,20603483,40.2412,16285.796646223274
E4M3,TS,1,128,96,32,32,1653287,51.6652,15221.696615903937
E4M3,TS,1,128,96,32,64,3189287,49.8326,15781.47638293005
E4M3,TS,1,128,96,32,128,6261287,48.9163,16077.094956078035
E4M3,TS,1,128,96,32,256,12405037,48.4572,16229.414823803274
E4M3,TS,1,128,96,32,512,24699483,48.2412,16302.082037760256
E4M3,TS,1,128,112,32,32,1909287,59.6652,15377.540006569994
E4M3,TS,1,128,112,32,64,3701287,57.8326,15864.823646178798
E4M3,TS,1,128,112,32,128,7285287,56.9163,16120.232692567859
E4M3,TS,1,128,112,32,256,14453037,56.4572,16251.319583684632
E4M3,TS,1,128,112,32,512,28795483,56.2412,16313.734415339644
E4M3,TS,1,128,128,32,32,2165287,67.6652,15496.532929777788
E4M3,TS,1,128,128,32,64,4213289,65.8326,15927.91413372706
E4M3,TS,1,128,128,32,128,8309535,64.9182,16152.26546638693
E4M3,TS,1,128,128,32,256,16501535,64.4591,16267.307486452648
E4M3,TS,1,128,128,32,512,32891733,64.2417,16322.357596389886
E4M3,TS,1,128,256,32,32,4213287,131.6652,15927.91413372706
E4M3,TS,1,128,256,32,64,8309535,129.8365,16152.253025921062
E4M3,TS,1,128,256,32,128,16501535,128.9182,16267.307486452648
E4M3,TS,1,128,256,32,256,32885535,128.4591,16325.445219529016
E4M3,TS,1,128,256,32,512,65659733,128.2417,16353.12070878661
E4M3,TS,2,128,64,32,32,696036,21.7511,24103.976350621346
E4M3,TS,2,128,64,32,64,1240036,19.3756,27059.18784450546
E4M3,TS,2,128,64,32,128,2328036,18.1878,28826.356128833613
E4M3,TS,2,128,64,32,256,4504036,17.5939,29799.419116852998
E4M3,TS,2,128,64,32,512,8862362,17.3093,30289.38200851565
E4M3,TS,2,128,80,32,32,794160,24.8175,26407.17235821497
E4M3,TS,2,128,80,32,64,1434160,22.4088,29245.6534932705
E4M3,TS,2,128,80,32,128,2714160,21.2044,30906.792929769294
E4M3,TS,2,128,80,32,256,5274160,20.6022,31810.195027715487
E4M3,TS,2,128,80,32,512,10399370,20.3113,32265.783086262327
E4M3,TS,2,128,96,32,32,922160,28.8175,27290.084150255923
E4M3,TS,2,128,96,32,64,1690160,26.4088,29779.16452091727
E4M3,TS,2,128,96,32,128,3226160,25.2044,31202.171049499295
E4M3,TS,2,128,96,32,256,6298160,24.6022,31965.921746835647
E4M3,TS,2,128,96,32,512,12447370,24.3113,32348.41411195617
E4M3,TS,2,128,112,32,32,1050160,32.8175,27957.766435590765
E4M3,TS,2,128,112,32,64,1946160,30.4088,30172.318539370182
E4M3,TS,2,128,112,32,128,3738160,29.2044,31416.635849392558
E4M3,TS,2,128,112,32,256,7322160,28.6022,32078.091895029054
E4M3,TS,2,128,112,32,512,14495370,28.3113,32407.695867021295
E4M3,TS,2,128,128,32,32,1178036,36.8136,28483.386574526805
E4M3,TS,2,128,128,32,64,2202036,34.4068,30475.836171919505
E4M3,TS,2,128,128,32,128,4250036,33.2034,31580.38032249709
E4M3,TS,2,128,128,32,256,8340080,32.5784,32186.233823637747
E4M3,TS,2,128,128,32,512,16544360,32.3132,32450.39179035193
E4M3,TS,2,128,256,32,32,2202036,68.8136,30475.836171919505
E4M3,TS,2,128,256,32,64,4250036,66.4068,31580.38032249709
E4M3,TS,2,128,256,32,128,8346284,65.2053,32162.29355589193
E4M3,TS,2,128,256,32,256,16538284,64.6027,32462.296467485106
E4M3,TS,2,128,256,32,512,32928360,64.3132,32608.42253223289
E4M3,TS,2,256,64,32,32,1170036,36.5636,28678.1389141113
E4M3,TS,2,256,64,32,64,2194036,34.2818,30586.958677782382
E4M3,TS,2,256,64,32,128,4242036,33.1409,31639.93735836987
E4M3,TS,2,256,64,32,256,8332080,32.5472,32217.087798643206
E4M3,TS,2,256,64,32,512,16536360,32.2976,32466.065590012877
E4M3,TS,2,256,80,32,32,1426160,44.5675,29409.77169462052
E4M3,TS,2,256,80,32,64,2706160,42.2837,30998.233361791892
E4M3,TS,2,256,80,32,128,5266160,41.1419,31858.51893082235
E4M3,TS,2,256,80,32,256,10385168,40.5671,32309.926023797605
E4M3,TS,2,256,80,32,512,20631368,40.2956,32527.620881684354
E4M3,TS,2,256,96,32,32,1682160,52.5675,29920.844628334995
E4M3,TS,2,256,96,32,64,3218160,50.2837,31279.798423743676
E4M3,TS,2,256,96,32,128,6290160,49.1419,32006.576872282105
E4M3,TS,2,256,96,32,256,12433168,48.5671,32385.38022653195
E4M3,TS,2,256,96,32,512,24728600,48.298,32565.820530870842
E4M3,TS,2,256,112,32,32,1938160,60.5675,30296.908407974573
E4M3,TS,2,256,112,32,64,3730160,58.2837,31484.06844452222
E4M3,TS,2,256,112,32,128,7314160,57.1419,32113.177895729754
E4M3,TS,2,256,112,32,256,14481168,56.5671,32439.492213671903
E4M3,TS,2,256,112,32,512,28823368,56.2956,32595.94000241582
E4M3,TS,2,256,128,32,32,2194036,68.5636,30586.958677782382
E4M3,TS,2,256,128,32,64,4242036,66.2818,31639.93735836987
E4M3,TS,2,256,128,32,128,8338284,65.1428,32193.151046623727
E4M3,TS,2,256,128,32,256,16530284,64.5714,32478.032069925695
E4M3,TS,2,256,128,32,512,32920360,64.2976,32616.33404668292
E4M3,TS,2,256,256,32,32,4242036,132.5636,31639.93735836987
E4M3,TS,2,256,256,32,64,8338284,130.2857,32193.126336965608
E4M3,TS,2,256,256,32,128,16530284,129.1428,32478.032069925695
E4M3,TS,2,256,256,32,256,32914284,128.5714,32622.371693860372
E4M3,TS,2,256,256,32,512,65688360,128.2976,32691.991120644503
S8,SS,1,64,64,32,32,1156039,36.1262,7256.340273817895
S8,SS,1,64,64,32,64,2180039,34.0631,7695.835082537996
S8,SS,1,64,64,32,128,4228039,33.0316,7936.158103149712
S8,SS,1,64,64,32,256,8324409,32.5172,8061.702729632317
S8,SS,1,64,64,32,512,16522363,32.2702,8123.407973920211
S8,SS,1,64,80,32,32,1412163,44.1301,7425.317413738016
S8,SS,1,64,80,32,64,2692163,42.065,7789.84904314751
S8,SS,1,64,80,32,128,5252163,41.0325,7985.864863218181
S8,SS,1,64,80,32,256,10371539,40.5138,8088.1082495347255
S8,SS,1,64,80,32,512,20617495,40.2685,8137.377851173994
S8,SS,1,64,96,32,32,1668163,52.1301,7542.974212595027
S8,SS,1,64,96,32,64,3204163,50.065,7854.109657445321
S8,SS,1,64,96,32,128,6276163,49.0325,8019.497272217407
S8,SS,1,64,96,32,256,12419539,48.5138,8105.240158470373
S8,SS,1,64,96,32,512,24713493,48.2685,8146.430902141147
S8,SS,1,64,112,32,32,1924163,60.1301,7629.323749669466
S8,SS,1,64,112,32,64,3716163,58.065,7900.663050030139
S8,SS,1,64,112,32,128,7300163,57.0325,8043.694384780608
S8,SS,1,64,112,32,256,14467539,56.5138,8117.5217380533595
S8,SS,1,64,112,32,512,28809987,56.2695,8152.7648193070845
S8,SS,1,64,128,32,32,2180039,68.1262,7695.835082537996
S8,SS,1,64,128,32,64,4228039,66.0631,7936.170116146532
S8,SS,1,64,128,32,128,8324399,65.0344,8061.702729632317
S8,SS,1,64,128,32,256,16516153,64.5162,8126.455060899433
S8,SS,1,64,128,32,512,32905367,64.2683,8157.800968751313
S8,SS,1,64,256,32,32,4228039,132.1262,7936.170116146532
S8,SS,1,64,256,32,64,8318061,129.9697,8067.849660343912
S8,SS,1,64,256,32,128,16516409,129.0344,8126.329102936891
S8,SS,1,64,256,32,256,32900409,128.5172,8159.032409669679
S8,SS,1,64,256,32,512,65673369,128.2683,8174.864717159267
S8,SS,1,128,64,32,32,1668039,52.1262,10058.051421358166
S8,SS,1,128,64,32,64,3204039,50.0631,10472.543649913809
S8,SS,1,128,64,32,128,6276039,49.0316,10692.859298901118
S8,SS,1,128,64,32,256,12420409,48.5172,10806.229543337207
S8,SS,1,128,64,32,512,24714363,48.2702,10861.525330328028
S8,SS,1,128,80,32,32,1800163,56.2551,11649.788196981252
S8,SS,1,128,80,32,64,3464163,54.1275,12107.70865087063
S8,SS,1,128,80,32,128,6792163,53.0638,12350.415914427538
S8,SS,1,128,80,32,256,13447539,52.5294,12476.061024873688
S8,SS,1,128,80,32,512,26765243,52.2759,12536.560824395181
S8,SS,1,128,96,32,32,1932163,60.3801,13024.688597733359
S8,SS,1,128,96,32,64,3724163,58.19,13514.899467262418
S8,SS,1,128,96,32,128,7308163,57.095,13774.095805236886
S8,SS,1,128,96,32,256,14475291,56.5441,13908.294587764241
S8,SS,1,128,96,32,512,28818241,56.2856,13972.170501869039
S8,SS,1,128,112,32,32,2064163,64.5051,14223.743548959696
S8,SS,1,128,112,32,64,3984163,62.2525,14738.428175575278
S8,SS,1,128,112,32,128,7821989,61.1093,15014.146782895567
S8,SS,1,128,112,32,256,15503539,60.5607,15150.155133609751
S8,SS,1,128,112,32,512,30869493,60.292,15217.673986598553
S8,SS,1,128,128,32,32,2196039,68.6262,15279.528809696589
S8,SS,1,128,128,32,64,4244039,66.3131,15812.50160224752
S8,SS,1,128,128,32,128,8340409,65.1594,16092.474761891606
S8,SS,1,128,128,32,256,16532409,64.5797,16236.928942066934
S8,SS,1,128,128,32,512,32922607,64.302,16307.05110260956
S8,SS,1,128,256,32,32,4244039,132.6262,15812.50160224752
S8,SS,1,128,256,32,64,8334039,130.2194,16104.758584358397
S8,SS,1,128,256,32,128,16532409,129.1594,16236.928942066934
S8,SS,1,128,256,32,256,32916409,128.5797,16310.132937003274
S8,SS,1,128,256,32,512,65690361,128.3015,16345.498688635753
S8,SS,2,128,64,32,32,953904,29.8095,17587.950150119927
S8,SS,2,128,64,32,64,1753904,27.4047,19131.316890898277
S8,SS,2,128,64,32,128,3353904,26.2024,20009.15946630843
S8,SS,2,128,64,32,256,6553904,25.6012,20479.04004499789
S8,SS,2,128,64,32,512,12958986,25.3105,20714.24902708362
S8,SS,2,128,80,32,32,1022278,31.9462,20514.48998628945
S8,SS,2,128,80,32,64,1886278,29.4731,22235.869318123987
S8,SS,2,128,80,32,128,3614278,28.2365,23209.675420112268
S8,SS,2,128,80,32,256,7070278,27.6183,23729.19404887339
S8,SS,2,128,80,32,512,13987730,27.3198,23988.46258025315
S8,SS,2,128,96,32,32,1090278,34.0712,23082.01648312945
S8,SS,2,128,96,32,64,2018280,31.5356,24937.911439769658
S8,SS,2,128,96,32,128,3874280,30.2678,25982.463211729955
S8,SS,2,128,96,32,256,7586280,29.6339,26538.25517397305
S8,SS,2,128,96,32,512,15015486,29.3271,26815.88019272277
S8,SS,2,128,112,32,32,1128278,35.2587,26022.059803679662
S8,SS,2,128,112,32,64,2088280,32.6294,28118.935683769854
S8,SS,2,128,112,32,128,4008280,31.3147,29299.466384796917
S8,SS,2,128,112,32,256,7845738,30.6474,29937.417203416928
S8,SS,2,128,112,32,512,15534236,30.3403,30240.439283724947
S8,SS,2,128,128,32,32,1193904,37.3095,28104.79904581943
S8,SS,2,128,128,32,64,2217906,34.6548,30257.742073248148
S8,SS,2,128,128,32,128,4265906,33.3274,31462.880392709903
S8,SS,2,128,128,32,256,8355954,32.6404,32125.096506170266
S8,SS,2,128,128,32,512,16560354,32.3444,32419.089548731776
S8,SS,2,128,256,32,32,2217904,69.3095,30257.78572922904
S8,SS,2,128,256,32,64,4265906,66.6548,31462.880392709903
S8,SS,2,128,256,32,128,8361906,65.3274,32102.180708247994
S8,SS,2,128,256,32,256,16553906,64.6637,32431.673411821466
S8,SS,2,128,256,32,512,32944104,64.344,32592.81362675619
S8,SS,2,256,64,32,32,1538904,48.0907,21804.132607759922
S8,SS,2,256,64,32,64,2914906,45.5454,23022.654318548084
S8,SS,2,256,64,32,128,5666906,44.2727,23684.48276251505
S8,SS,2,256,64,32,256,11170658,43.6354,24030.397337941213
S8,SS,2,256,64,32,512,22184979,43.33,24199.769213016385
S8,SS,2,256,80,32,32,1619278,50.6024,25902.32874330071
S8,SS,2,256,80,32,64,3071280,47.9888,27313.039709265497
S8,SS,2,256,80,32,128,5971280,46.6506,28096.5303768869
S8,SS,2,256,80,32,256,11774286,45.9933,28498.063848430098
S8,SS,2,256,80,32,512,23384730,45.6733,28697.729307932645
S8,SS,2,256,96,32,32,1751278,54.7274,28739.97302996305
S8,SS,2,256,96,32,64,3329280,52.02,30235.75547866205
S8,SS,2,256,96,32,128,6487280,50.6819,31034.03779258473
S8,SS,2,256,96,32,256,12801280,50.005,31454.134586541346
S8,SS,2,256,96,32,512,25437230,49.6821,31658.565157269924
S8,SS,2,256,112,32,32,1967278,61.4774,29848.49717131824
S8,SS,2,256,112,32,64,3759280,58.7388,31240.134289430498
S8,SS,2,256,112,32,128,7343280,57.3694,31985.832168368503
S8,SS,2,256,112,32,256,14510784,56.6827,32373.334368334607
S8,SS,2,256,112,32,512,28852982,56.3535,32562.449537295823
S8,SS,2,256,128,32,32,2222904,69.4657,30189.748321833653
S8,SS,2,256,128,32,64,4270906,66.7329,31426.058211167205
S8,SS,2,256,128,32,128,8366902,65.3664,32083.02736574142
S8,SS,2,256,128,32,256,16558902,64.6832,32421.896257451703
S8,SS,2,256,128,32,512,32949350,64.3542,32587.64773705523
S8,SS,2,256,256,32,32,4270904,133.4658,31426.058211167205
S8,SS,2,256,256,32,64,8366902,130.7328,32083.02736574142
S8,SS,2,256,256,32,128,16558410,129.3626,32422.848644043956
S8,SS,2,256,256,32,256,32942410,128.6813,32594.510624309827
S8,SS,2,256,256,32,512,65717102,128.3537,32677.702317891886
S8,TS,1,64,64,32,32,1139915,35.6223,7358.98580383636
S8,TS,1,64,64,32,64,2163915,33.8112,7753.170547037668
S8,TS,1,64,64,32,128,4211915,32.9056,7966.546727608675
S8,TS,1,64,64,32,256,8307913,32.4528,8077.700537395848
S8,TS,1,64,64,32,512,16506241,32.2388,8131.320024318524
S8,TS,1,64,80,32,32,1396039,43.6262,7511.082789699768
S8,TS,1,64,80,32,64,2676039,41.8131,7836.778425900017
S8,TS,1,64,80,32,128,5236039,40.9066,8010.443302547756
S8,TS,1,64,80,32,256,10356409,40.4547,8099.924112649457
S8,TS,1,64,80,32,512,20602363,40.239,8143.343522453342
S8,TS,1,64,96,32,32,1652039,51.6262,7616.597773998474
S8,TS,1,64,96,32,64,3188039,49.8131,7893.827125796227
S8,TS,1,64,96,32,128,6260039,48.9066,8040.141821349266
S8,TS,1,64,96,32,256,12404409,48.4547,8115.126086839873
S8,TS,1,64,96,32,512,24698363,48.239,8151.412757312549
S8,TS,1,64,112,32,32,1908039,59.6262,7693.799034652552
S8,TS,1,64,112,32,64,3700039,57.8131,7935.087376390472
S8,TS,1,64,112,32,128,7284039,56.9066,8061.490231361565
S8,TS,1,64,112,32,256,14452409,56.4547,8126.019622812626
S8,TS,1,64,112,32,512,28794363,56.239,8157.186294208645
S8,TS,1,64,128,32,32,2163915,67.6223,7753.182012442641
S8,TS,1,64,128,32,64,4211915,65.8112,7966.546727608675
S8,TS,1,64,128,32,128,8307913,64.9056,8077.700537395848
S8,TS,1,64,128,32,256,16499913,64.4528,8134.44877491746
S8,TS,1,64,128,32,512,32890233,64.2387,8161.559931941339
S8,TS,1,64,256,32,32,4211915,131.6223,7966.552780189983
S8,TS,1,64,256,32,64,8307913,129.8111,8077.706760053647
S8,TS,1,64,256,32,128,16499913,128.9056,8134.44877491746
S8,TS,1,64,256,32,256,32883913,128.4528,8163.122952555335
S8,TS,1,64,256,32,512,65658233,128.2387,8176.751635816646
S8,TS,1,128,64,32,32,1140287,35.634,14713.13913677948
S8,TS,1,128,64,32,64,2164289,33.817,15503.681580270279
S8,TS,1,128,64,32,128,4212289,32.9085,15931.689381162923
S8,TS,1,128,64,32,256,8308533,32.4552,16154.206413764205
S8,TS,1,128,64,32,512,16506737,32.2397,16262.186062525396
S8,TS,1,128,80,32,32,1396287,43.634,15019.48022184535
S8,TS,1,128,80,32,64,2676287,41.817,15672.09508094794
S8,TS,1,128,80,32,128,5236287,40.9085,16020.142513169636
S8,TS,1,128,80,32,256,10356037,40.4533,16200.408866520162
S8,TS,1,128,80,32,512,20602483,40.2392,16286.606095548621
S8,TS,1,128,96,32,32,1652287,51.634,15230.894371925475
S8,TS,1,128,96,32,64,3188287,49.817,15786.418290944857
S8,TS,1,128,96,32,128,6260287,48.9085,16079.658954987375
S8,TS,1,128,96,32,256,12404037,48.4533,16230.721127353556
S8,TS,1,128,96,32,512,24698483,48.2392,16302.757923016967
S8,TS,1,128,112,32,32,1908287,59.634,15385.58540429956
S8,TS,1,128,112,32,64,3700287,57.817,15869.104242696785
S8,TS,1,128,112,32,128,7284287,56.9085,16122.442165933035
S8,TS,1,128,112,32,256,14452037,56.4533,16252.44228415345
S8,TS,1,128,112,32,512,28794483,56.2392,16314.314570619783
S8,TS,1,128,128,32,32,2164287,67.634,15503.681580270279
S8,TS,1,128,128,32,64,4212289,65.817,15931.689381162923
S8,TS,1,128,128,32,128,8308535,64.9104,16154.206413764205
S8,TS,1,128,128,32,256,16500535,64.4552,16268.291774752075
S8,TS,1,128,128,32,512,32890731,64.2397,16322.865766807752
S8,TS,1,128,256,32,32,4212287,131.634,15931.689381162923
S8,TS,1,128,256,32,64,8308535,129.8209,16154.193970308326
S8,TS,1,128,256,32,128,16500535,128.9104,16268.291774752075
S8,TS,1,128,256,32,256,32884535,128.4552,16325.940872771209
S8,TS,1,128,256,32,512,65658733,128.2397,16353.375748695607
S8,TS,2,128,64,32,32,693036,21.6574,24208.2613794823
S8,TS,2,128,64,32,64,1237036,19.3287,27124.84543709613
S8,TS,2,128,64,32,128,2325036,18.1643,28863.650126897264
S8,TS,2,128,64,32,256,4501036,17.5822,29819.24901320654
S8,TS,2,128,64,32,512,8859600,17.3039,30298.834366819043
S8,TS,2,128,80,32,32,791160,24.7237,26507.35933537456
S8,TS,2,128,80,32,64,1431160,22.3619,29306.990908643722
S8,TS,2,128,80,32,128,2711160,21.1809,30941.083712212418
S8,TS,2,128,80,32,256,5271160,20.5905,31828.27031883636
S8,TS,2,128,80,32,512,10396370,20.3054,32275.158332266295
S8,TS,2,128,96,32,32,919160,28.7237,27379.202540062735
S8,TS,2,128,96,32,64,1687160,26.3619,29832.144117078056
S8,TS,2,128,96,32,128,3223160,25.1809,31231.29038279013
S8,TS,2,128,96,32,256,6295160,24.5905,31981.13092454403
S8,TS,2,128,96,32,512,12444370,24.3054,32356.266508677087
S8,TS,2,128,112,32,32,1047160,32.7238,28037.819568632007
S8,TS,2,128,112,32,64,1943160,30.3619,30218.925693056102
S8,TS,2,128,112,32,128,3735160,29.1809,31441.936335068487
S8,TS,2,128,112,32,256,7319160,28.5905,32091.21911124325
S8,TS,2,128,112,32,512,14492370,28.3054,32414.450952821724
S8,TS,2,128,128,32,32,1175036,36.7199,28556.069052475632
S8,TS,2,128,128,32,64,2199036,34.3599,30517.434567620974
S8,TS,2,128,128,32,128,4247036,33.18,31602.652200120556
S8,TS,2,128,128,32,256,8343284,32.591,32173.79031020834
S8,TS,2,128,128,32,512,16541360,32.3073,32456.31792195572
S8,TS,2,128,256,32,32,2199036,68.7199,30517.39015918242
S8,TS,2,128,256,32,64,4247036,66.3599,31602.699823236624
S8,TS,2,128,256,32,128,8343284,65.1819,32173.8396702152
S8,TS,2,128,256,32,256,16535284,64.591,32468.176680961747
S8,TS,2,128,256,32,512,32925360,64.3073,32611.414256235297
S8,TS,2,256,64,32,32,1167036,36.4699,28751.819994022466
S8,TS,2,256,64,32,64,2191036,34.2349,30628.861191357355
S8,TS,2,256,64,32,128,4239036,33.1175,31662.29334943761
S8,TS,2,256,64,32,256,8335284,32.5597,32204.719330952066
S8,TS,2,256,64,32,512,16533360,32.2917,32471.9974482607
S8,TS,2,256,80,32,32,1423160,44.4738,29471.73391974601
S8,TS,2,256,80,32,64,2703160,42.2369,31032.580516089012
S8,TS,2,256,80,32,128,5263160,41.1184,31876.72672088408
S8,TS,2,256,80,32,256,10382168,40.5553,32319.326943704025
S8,TS,2,256,80,32,512,20628368,40.2898,32532.303461421998
S8,TS,2,256,96,32,32,1679160,52.4738,29974.272875225353
S8,TS,2,256,96,32,64,3215160,50.2369,31308.938250568805
S8,TS,2,256,96,32,128,6287160,49.1184,32021.88996384247
S8,TS,2,256,96,32,256,12430168,48.5553,32393.250582325716
S8,TS,2,256,96,32,512,24724368,48.2898,32571.35047152815
S8,TS,2,256,112,32,32,1935160,60.4738,30343.851386881593
S8,TS,2,256,112,32,64,3727160,58.2369,31509.36948910399
S8,TS,2,256,112,32,128,7311160,57.1184,32126.390094960643
S8,TS,2,256,112,32,256,14478168,56.5553,32446.26056267052
S8,TS,2,256,112,32,512,28820368,56.2898,32599.298629591864
S8,TS,2,256,128,32,32,2191036,68.4699,30628.816458034846
S8,TS,2,256,128,32,64,4239036,66.2349,31662.341152474
S8,TS,2,256,128,32,128,8335284,65.1194,32204.719330952066
S8,TS,2,256,128,32,256,16527284,64.5597,32483.91798598816
S8,TS,2,256,128,32,512,32917360,64.2917,32619.327222643045
S8,TS,2,256,256,32,32,4239036,132.4699,31662.317250937762
S8,TS,2,256,256,32,64,8335284,130.2388,32204.719330952066
S8,TS,2,256,256,32,128,16527284,129.1194,32483.91798598816
S8,TS,2,256,256,32,256,32911284,128.5597,32625.34060051478
S8,TS,2,256,256,32,512,65685360,128.2917,32693.49459084259
F4,SS,1,64,64,64,64,2181039,34.0787,15384.624413489952
F4,SS,1,64,64,64,128,4229039,33.0394,15868.569041810686
F4,SS,1,64,64,64,256,8325409,32.5211,16121.471905931843
F4,SS,1,64,64,64,512,16523357,32.2722,16245.809086458316
F4,SS,1,64,64,64,1024,32925451,32.1538,16305.631060714442
F4,SS,1,64,80,64,64,2693163,42.0807,15573.885415404211
F4,SS,1,64,80,64,128,5253163,41.0403,15968.694185958679
F4,SS,1,64,80,64,256,10372539,40.5177,16174.659469811959
F4,SS,1,64,80,64,512,20618495,40.2705,16273.947430501235
F4,SS,1,64,80,64,1024,41118873,40.1551,16320.716422073412
F4,SS,1,64,96,64,64,3205163,50.0807,15703.294882060354
F4,SS,1,64,96,64,128,6277163,49.0403,16036.44349647127
F4,SS,1,64,96,64,256,12420539,48.5177,16209.177269326452
F4,SS,1,64,96,64,512,24714497,48.2705,16292.18673931283
F4,SS,1,64,96,64,1024,49312882,48.1571,16330.551465931296
F4,SS,1,64,112,64,64,3717163,58.0807,15797.054787562822
F4,SS,1,64,112,64,128,7301163,57.0403,16085.18889276529
F4,SS,1,64,112,64,256,14468539,56.5177,16233.923178048648
F4,SS,1,64,112,64,512,28810987,56.2715,16304.950107958735
F4,SS,1,64,112,64,1024,57504803,56.157,16338.194704133057
F4,SS,1,64,128,64,64,4229039,66.0787,15868.593056461463
F4,SS,1,64,128,64,128,8325399,65.0422,16121.471905931843
F4,SS,1,64,128,64,256,16517153,64.5201,16251.927693850444
F4,SS,1,64,128,64,512,32906361,64.2702,16315.119604420088
F4,SS,1,64,128,64,1024,65696865,64.1571,16343.880879902614
F4,SS,1,64,256,64,64,8319061,129.9853,16133.762817795552
F4,SS,1,64,256,64,128,16517409,129.0423,16251.663214310345
F4,SS,1,64,256,64,256,32901409,128.5211,16317.569644206284
F4,SS,1,64,256,64,512,65674369,128.2703,16349.474508128538
F4,SS,1,64,256,64,1024,131232998,128.1572,16363.903081528
F4,SS,1,128,64,64,64,3205039,50.0787,20938.56270230657
F4,SS,1,128,64,64,128,6277039,49.0394,21382.31707565753
F4,SS,1,128,64,64,256,12421409,48.5211,21610.721933344463
F4,SS,1,128,64,64,512,24715361,48.2722,21722.150637426927
F4,SS,1,128,64,64,1024,49314479,48.1587,21773.345210730353
F4,SS,1,128,80,64,64,3465163,54.1432,24208.395514118118
F4,SS,1,128,80,64,128,6793163,53.0716,24697.20151644194
F4,SS,1,128,80,64,256,13448539,52.5334,24950.222144388143
F4,SS,1,128,80,64,512,26766245,52.2778,25072.21038375754
F4,SS,1,128,80,64,1024,53412467,52.1606,25128.54530047584
F4,SS,1,128,96,64,64,3725163,58.2057,27022.508104876328
F4,SS,1,128,96,64,128,7309163,57.1028,27544.42864447978
F4,SS,1,128,96,64,256,14476291,56.548,27814.670722218292
F4,SS,1,128,96,64,512,28819239,56.2876,27943.348090876145
F4,SS,1,128,96,64,1024,57512180,56.1642,28004.743235014474
F4,SS,1,128,112,64,64,3985163,62.2682,29469.42420047472
F4,SS,1,128,112,64,128,7823173,61.1185,30023.773489205396
F4,SS,1,128,112,64,256,15504539,60.5646,30298.359107465418
F4,SS,1,128,112,64,512,30870493,60.2939,30434.388885111097
F4,SS,1,128,112,64,1024,61610136,60.1661,30499.03517096837
F4,SS,1,128,128,64,64,4245039,66.3287,31617.565247019767
F4,SS,1,128,128,64,128,8341409,65.1673,32181.047856823898
F4,SS,1,128,128,64,256,16533409,64.5836,32471.896890232194
F4,SS,1,128,128,64,512,32923607,64.3039,32613.13854991688
F4,SS,1,128,128,64,1024,65711945,64.1718,32680.273889777127
F4,SS,1,128,256,64,64,8335039,130.235,32205.659001036584
F4,SS,1,128,256,64,128,16533409,129.1673,32471.87175082238
F4,SS,1,128,256,64,256,32917409,128.5836,32619.276486270413
F4,SS,1,128,256,64,512,65691361,128.3034,32690.513267769988
F4,SS,1,128,256,64,1024,131249604,128.1734,32723.66965376592
F4,SS,2,128,64,64,64,1756906,27.4517,38197.12440395312
F4,SS,2,128,64,64,128,3356906,26.2258,39982.6125418481
F4,SS,2,128,64,64,256,6556906,25.6129,40939.3703953867
F4,SS,2,128,64,64,512,12962980,25.3183,41415.73486371518
F4,SS,2,128,64,64,1024,25784283,25.18,41643.20889594917
F4,SS,2,128,80,64,64,1889280,29.52,44401.08401084011
F4,SS,2,128,80,64,128,3617280,28.26,46380.750176928515
F4,SS,2,128,80,64,256,7073280,27.63,47438.291711907346
F4,SS,2,128,80,64,512,13990732,27.3256,47966.741809877916
F4,SS,2,128,80,64,1024,27836195,27.1838,48216.95274391365
F4,SS,2,128,96,64,64,2021280,31.5825,49801.75730230349
F4,SS,2,128,96,64,128,3877280,30.2913,51924.612017311905
F4,SS,2,128,96,64,256,7589280,29.6456,53055.56305151523
F4,SS,2,128,96,64,512,15018974,29.3339,53619.327808440066
F4,SS,2,128,96,64,1024,29887931,29.1874,53888.45871848812
F4,SS,2,128,112,64,64,2091280,32.6763,56157.153655707654
F4,SS,2,128,112,64,128,4011280,31.3381,58555.17724431283
F4,SS,2,128,112,64,256,7848738,30.6591,59851.98521809186
F4,SS,2,128,112,64,512,15536740,30.3452,60471.11239998419
F4,SS,2,128,112,64,1024,30917941,30.1933,60775.337574892445
F4,SS,2,128,128,64,64,2220906,34.7017,60433.69633187999
F4,SS,2,128,128,64,128,4268906,33.3508,62881.61003634096
F4,SS,2,128,128,64,256,8361883,32.6636,64204.5579789123
F4,SS,2,128,128,64,512,16561991,32.3476,64831.76495319591
F4,SS,2,128,128,64,1024,32968531,32.1958,65137.44028724244
F4,SS,2,128,256,64,64,4268906,66.7017,62881.5157634663
F4,SS,2,128,256,64,128,8364906,65.3508,64181.371918935954
F4,SS,2,128,256,64,256,16556906,64.6754,64851.612823422816
F4,SS,2,128,256,64,512,32947104,64.3498,65179.75191842088
F4,SS,2,128,256,64,1024,65735849,64.1952,65336.72299486566
F4,SS,2,256,64,64,64,2917906,45.5923,45997.94263505022
F4,SS,2,256,64,64,128,5669906,44.2961,47343.942243222315
F4,SS,2,256,64,64,256,11173658,43.6471,48047.911545096926
F4,SS,2,256,64,64,512,22187735,43.3354,48393.5073865708
F4,SS,2,256,64,64,1024,44227396,43.1908,48555.52571380942
F4,SS,2,256,80,64,64,3074280,48.0356,54572.85846330638
F4,SS,2,256,80,64,128,5974280,46.6741,56164.76804051926
F4,SS,2,256,80,64,256,11777286,46.005,56981.632431257465
F4,SS,2,256,80,64,512,23387730,45.6792,57388.04532478677
F4,SS,2,256,80,64,1024,46621052,45.5284,57578.12705915429
F4,SS,2,256,96,64,64,3332280,52.0669,60417.04038458215
F4,SS,2,256,96,64,128,6490280,50.7053,62039.431775376535
F4,SS,2,256,96,64,256,12804278,50.0167,62893.55355311326
F4,SS,2,256,96,64,512,25440232,49.688,63309.61197874738
F4,SS,2,256,96,64,1024,50735376,49.5463,63490.67437931793
F4,SS,2,256,112,64,64,3762280,58.7856,62430.5272039411
F4,SS,2,256,112,64,128,7346280,57.3928,63945.58202422603
F4,SS,2,256,112,64,256,14513784,56.6945,64733.19281411777
F4,SS,2,256,112,64,512,28856230,56.3598,65117.619296023055
F4,SS,2,256,112,64,1024,57549871,56.201,65301.61385028736
F4,SS,2,256,128,64,64,4273906,66.7798,62807.9748666513
F4,SS,2,256,128,64,128,8369902,65.3899,64142.99456032201
F4,SS,2,256,128,64,256,16561410,64.693,64833.96967214382
F4,SS,2,256,128,64,512,32952350,64.3601,65169.32074375272
F4,SS,2,256,128,64,1024,65739471,64.1987,65333.16095185728
F4,SS,2,256,256,64,64,8369906,130.7798,64142.99456032201
F4,SS,2,256,256,64,128,16561906,129.3899,64832.015481888455
F4,SS,2,256,256,64,256,32945892,128.6949,65182.13231448954
F4,SS,2,256,256,64,512,65719112,128.3576,65353.41888598728
F4,SS,2,256,256,64,1024,131279786,128.2029,65432.27961301967
F4,TS,1,64,64,64,64,2164915,33.8268,15499.189991367792
F4,TS,1,64,64,64,128,4212915,32.9134,15929.317542399143
F4,TS,1,64,64,64,256,8308913,32.4567,16153.459840341133
F4,TS,1,64,64,64,512,16507235,32.2407,16261.681663239324
F4,TS,1,64,64,64,1024,32913467,32.1421,16311.56645023194
F4,TS,1,64,80,64,64,2677039,41.8287,15667.711403892543
F4,TS,1,64,80,64,128,5237039,40.9144,16017.832352423597
F4,TS,1,64,80,64,256,10357409,40.4586,16198.286643630774
F4,TS,1,64,80,64,512,20603363,40.2409,16285.918058492725
F4,TS,1,64,80,64,1024,41104776,40.1414,16326.28657695048
F4,TS,1,64,96,64,64,3189039,49.8287,15782.711569838266
F4,TS,1,64,96,64,128,6261039,48.9144,16077.719444580736
F4,TS,1,64,96,64,256,12405409,48.4586,16228.945945611305
F4,TS,1,64,96,64,512,24699363,48.2409,16302.18341697605
F4,TS,1,64,96,64,1024,49296297,48.1409,16336.046895674986
F4,TS,1,64,112,64,64,3701039,57.8287,15865.89357879392
F4,TS,1,64,112,64,128,7285039,56.9144,16120.770841825619
F4,TS,1,64,112,64,256,14453409,56.4586,16250.916600836721
F4,TS,1,64,112,64,512,28795363,56.2409,16313.8214360012
F4,TS,1,64,112,64,1024,57487717,56.1403,16343.054810893422
F4,TS,1,64,128,64,64,4212915,65.8268,15929.317542399143
F4,TS,1,64,128,64,128,8308913,64.9134,16153.459840341133
F4,TS,1,64,128,64,256,16500913,64.4567,16267.913188233342
F4,TS,1,64,128,64,512,32891233,64.2407,16322.611677643612
F4,TS,1,64,128,64,1024,65681961,64.1425,16347.601044549247
F4,TS,1,64,256,64,64,8308913,129.8268,16153.459840341133
F4,TS,1,64,256,64,128,16500913,128.9134,16267.913188233342
F4,TS,1,64,256,64,256,32884913,128.4567,16325.750233347111
F4,TS,1,64,256,64,512,65659233,128.2407,16353.24822774673
F4,TS,1,64,256,64,1024,131216505,128.1411,16365.959087287374
F4,TS,1,128,64,64,64,2165289,33.8326,30993.065859555576
F4,TS,1,128,64,64,128,4213289,32.9163,31855.82826745412
F4,TS,1,128,64,64,256,8309533,32.4591,32304.53093277386
F4,TS,1,128,64,64,512,16507737,32.2417,32522.354590483752
F4,TS,1,128,64,64,1024,32913415,32.142,32623.234397361703
F4,TS,1,128,80,64,64,2677287,41.8326,31332.50144624049
F4,TS,1,128,80,64,128,5237287,40.9163,32034.177088348653
F4,TS,1,128,80,64,256,10357037,40.4572,32397.69435353905
F4,TS,1,128,80,64,512,20603483,40.2412,32571.59329244655
F4,TS,1,128,80,64,1024,41103602,40.1402,32653.54930966961
F4,TS,1,128,96,64,64,3189287,49.8326,31562.9527658601
F4,TS,1,128,96,64,128,6261287,48.9163,32154.18991215607
F4,TS,1,128,96,64,256,12405037,48.4572,32458.829647606548
F4,TS,1,128,96,64,512,24699483,48.2412,32604.16407552051
F4,TS,1,128,96,64,1024,49296573,48.1412,32671.890189691992
F4,TS,1,128,112,64,64,3701287,57.8326,31729.647292357597
F4,TS,1,128,112,64,128,7285287,56.9163,32240.465385135718
F4,TS,1,128,112,64,256,14453037,56.4572,32502.639167369263
F4,TS,1,128,112,64,512,28795483,56.2412,32627.46883067929
F4,TS,1,128,112,64,1024,57489929,56.1425,32684.828783898116
F4,TS,1,128,128,64,64,4213289,65.8326,31855.82826745412
F4,TS,1,128,128,64,128,8309535,64.9182,32304.53093277386
F4,TS,1,128,128,64,256,16501535,64.4591,32534.614972905296
F4,TS,1,128,128,64,512,32891731,64.2417,32644.71519277977
F4,TS,1,128,128,64,1024,65682439,64.143,32694.947227289027
F4,TS,1,128,256,64,64,8309535,129.8365,32304.506051842123
F4,TS,1,128,256,64,128,16501535,128.9182,32534.614972905296
F4,TS,1,128,256,64,256,32885535,128.4591,32650.890439058032
F4,TS,1,128,256,64,512,65659733,128.2417,32706.24141757322
F4,TS,1,128,256,64,1024,131214823,128.1395,32732.326878128915
F4,TS,2,128,64,64,64,1240036,19.3756,54118.37568901092
F4,TS,2,128,64,64,128,2328036,18.1878,57652.71225766723
F4,TS,2,128,64,64,256,4504036,17.5939,59598.838233705996
F4,TS,2,128,64,64,512,8862362,17.3093,60578.7640170313
F4,TS,2,128,64,64,1024,17588980,17.1767,61046.41753072476
F4,TS,2,128,80,64,64,1434160,22.4088,58491.306986541
F4,TS,2,128,80,64,128,2714160,21.2044,61813.58585953859
F4,TS,2,128,80,64,256,5274160,20.6022,63620.39005543097
F4,TS,2,128,80,64,512,10399370,20.3113,64531.566172524654
F4,TS,2,128,80,64,1024,20659708,20.1755,64965.92401675299
F4,TS,2,128,96,64,64,1690160,26.4088,59558.32904183454
F4,TS,2,128,96,64,128,3226160,25.2044,62404.34209899859
F4,TS,2,128,96,64,256,6298160,24.6022,63931.843493671295
F4,TS,2,128,96,64,512,12447370,24.3113,64696.82822391234
F4,TS,2,128,96,64,1024,24760291,24.18,65048.13895781638
F4,TS,2,128,112,64,64,1946160,30.4088,60344.637078740365
F4,TS,2,128,112,64,128,3738160,29.2044,62833.271698785116
F4,TS,2,128,112,64,256,7322160,28.6022,64156.18379005811
F4,TS,2,128,112,64,512,14495370,28.3113,64815.39173404259
F4,TS,2,128,112,64,1024,28865418,28.1889,65096.82889364253
F4,TS,2,128,128,64,64,2202036,34.4068,60951.67234383901
F4,TS,2,128,128,64,128,4250036,33.2034,63160.76064499418
F4,TS,2,128,128,64,256,8340080,32.5784,64372.467647275495
F4,TS,2,128,128,64,512,16544360,32.3132,64900.78358070386
F4,TS,2,128,128,64,1024,32950381,32.1781,65173.27001905022
F4,TS,2,128,256,64,64,4250036,66.4068,63160.76064499418
F4,TS,2,128,256,64,128,8346284,65.2053,64324.58711178386
F4,TS,2,128,256,64,256,16538284,64.6027,64924.59293497021
F4,TS,2,128,256,64,512,32928360,64.3132,65216.84506446578
F4,TS,2,128,256,64,1024,65718649,64.1784,65353.826209441184
F4,TS,2,256,64,64,64,2194036,34.2818,61173.917355564765
F4,TS,2,256,64,64,128,4242036,33.1409,63279.87471673974
F4,TS,2,256,64,64,256,8332080,32.5472,64434.17559728641
F4,TS,2,256,64,64,512,16536360,32.2976,64932.13118002575
F4,TS,2,256,64,64,1024,32942075,32.17,65189.67982592477
F4,TS,2,256,80,64,64,2706160,42.2837,61996.466723583784
F4,TS,2,256,80,64,128,5266160,41.1419,63717.0378616447
F4,TS,2,256,80,64,256,10385168,40.5671,64619.85204759521
F4,TS,2,256,80,64,512,20631368,40.2956,65055.24176336871
F4,TS,2,256,80,64,1024,41133072,40.169,65260.275336702434
F4,TS,2,256,96,64,64,3218160,50.2837,62559.59684748735
F4,TS,2,256,96,64,128,6290160,49.1419,64013.15374456421
F4,TS,2,256,96,64,256,12433168,48.5671,64770.7604530639
F4,TS,2,256,96,64,512,24728600,48.298,65131.641061741684
F4,TS,2,256,96,64,1024,49324266,48.1682,65307.15285188153
F4,TS,2,256,112,64,64,3730160,58.2837,62968.13688904444
F4,TS,2,256,112,64,128,7314160,57.1419,64226.35579145951
F4,TS,2,256,112,64,256,14481168,56.5671,64878.98442734381
F4,TS,2,256,112,64,512,28823368,56.2956,65191.88000483164
F4,TS,2,256,112,64,1024,57518157,56.1701,65337.53723066187
F4,TS,2,256,128,64,64,4242036,66.2818,63279.87471673974
F4,TS,2,256,128,64,128,8338284,65.1428,64386.302093247454
F4,TS,2,256,128,64,256,16530284,64.5714,64956.06413985139
F4,TS,2,256,128,64,512,32920360,64.2976,65232.66809336584
F4,TS,2,256,128,64,1024,65708300,64.1683,65364.112809596016
F4,TS,2,256,256,64,64,8338284,130.2857,64386.252673931216
F4,TS,2,256,256,64,128,16530284,129.1428,64956.06413985139
F4,TS,2,256,256,64,256,32914284,128.5714,65244.743387720744
F4,TS,2,256,256,64,512,65688360,128.2976,65383.982241289006
F4,TS,2,256,256,64,1024,131245599,128.1695,65449.330769020715
MXF8,SS,1,128,64,32,32,1669913,52.1848,10046.7569100581
MXF8,SS,1,128,64,32,64,3205915,50.0924,10466.418059426182
MXF8,SS,1,128,64,32,128,6277915,49.0462,10689.676264420077
MXF8,SS,1,128,64,32,256,12421789,48.5226,10805.026935902033
MXF8,SS,1,128,64,32,512,24716362,48.2741,10860.64784221767
MXF8,SS,1,128,80,32,32,1802287,56.3215,11636.053727262235
MXF8,SS,1,128,80,32,64,3466289,54.1608,12100.264397867091
MXF8,SS,1,128,80,32,128,6794289,53.0804,12346.553530116578
MXF8,SS,1,128,80,32,256,13450411,52.5407,12473.377781415169
MXF8,SS,1,128,80,32,512,26768235,52.2817,12535.170049940993
MXF8,SS,1,128,96,32,32,1934287,60.4465,13010.38108079045
MXF8,SS,1,128,96,32,64,3726289,58.2233,13507.169810024508
MXF8,SS,1,128,96,32,128,7310289,57.1116,13770.092240455528
MXF8,SS,1,128,96,32,256,14477667,56.5534,13906.007419536225
MXF8,SS,1,128,96,32,512,28820727,56.2905,13970.954246276015
MXF8,SS,1,128,112,32,32,2066287,64.5715,14209.117025313026
MXF8,SS,1,128,112,32,64,3986289,62.2858,14730.548535942382
MXF8,SS,1,128,112,32,128,7822709,61.1149,15012.771026378183
MXF8,SS,1,128,112,32,256,15506411,60.5719,15147.353805972736
MXF8,SS,1,128,112,32,512,30871249,60.2954,15216.815876501358
MXF8,SS,1,128,128,32,32,2198039,68.6887,15265.625932649767
MXF8,SS,1,128,128,32,64,4246039,66.3444,15805.041570953994
MXF8,SS,1,128,128,32,128,8342409,65.1751,16088.598253013804
MXF8,SS,1,128,128,32,256,16534409,64.5875,16234.968066576348
MXF8,SS,1,128,128,32,512,32924731,64.3061,16306.011404827846
MXF8,SS,1,128,256,32,32,4246287,132.6965,15804.124449401455
MXF8,SS,1,128,256,32,64,8336658,130.2603,16099.701904571079
MXF8,SS,1,128,256,32,128,16534409,129.1751,16234.955498389398
MXF8,SS,1,128,256,32,256,32918413,128.5876,16309.130895980637
MXF8,SS,1,128,256,32,512,65692615,128.3059,16344.938151713988
MXF8,SS,2,128,64,32,32,959904,29.997,17478.014468113477
MXF8,SS,2,128,64,32,64,1759906,27.4985,19066.05814862629
MXF8,SS,2,128,64,32,128,3359906,26.2493,19973.40881471125
MXF8,SS,2,128,64,32,256,6559906,25.6246,20460.338893094915
MXF8,SS,2,128,64,32,512,12965730,25.3237,20703.45170729396
MXF8,SS,2,128,80,32,32,1028030,32.1259,20399.739773827347
MXF8,SS,2,128,80,32,64,1892030,29.563,22168.250854108177
MXF8,SS,2,128,80,32,128,3620030,28.2815,23172.745434294502
MXF8,SS,2,128,80,32,256,7076030,27.6407,23709.963930001773
MXF8,SS,2,128,80,32,512,13994598,27.3332,23976.702325377195
MXF8,SS,2,128,96,32,32,1096030,34.2509,22960.914895666974
MXF8,SS,2,128,96,32,64,2024030,31.6255,24867.021865266954
MXF8,SS,2,128,96,32,128,3880030,30.3127,25943.977276850957
MXF8,SS,2,128,96,32,256,7592030,29.6564,26518.120877786918
MXF8,SS,2,128,96,32,512,15020628,29.3372,26806.648214553537
MXF8,SS,2,128,112,32,32,1134030,35.4384,25890.107905548783
MXF8,SS,2,128,112,32,64,2094030,32.7192,28041.761412259468
MXF8,SS,2,128,112,32,128,4014030,31.3596,29257.516039745406
MXF8,SS,2,128,112,32,256,7851550,30.6701,29915.259487253057
MXF8,SS,2,128,112,32,512,15538882,30.3494,30231.37195463502
MXF8,SS,2,128,128,32,32,1199906,37.4971,27964.189230633834
MXF8,SS,2,128,128,32,64,2223906,34.7485,30176.151488553463
MXF8,SS,2,128,128,32,128,4271906,33.3743,31418.666458921987
MXF8,SS,2,128,128,32,256,8365936,32.6794,32086.758018813074
MXF8,SS,2,128,128,32,512,16564742,32.353,32410.471980960032
MXF8,SS,2,128,256,32,32,2223906,69.4971,30176.108067818655
MXF8,SS,2,128,256,32,64,4271906,66.7485,31418.713529142973
MXF8,SS,2,128,256,32,128,8365936,65.3589,32086.70892563981
MXF8,SS,2,128,256,32,256,16554154,64.6647,32431.17187584571
MXF8,SS,2,128,256,32,512,32949980,64.3554,32587.040092983647
MXF8,SS,2,256,64,32,32,1554904,48.5907,21579.76732173029
MXF8,SS,2,256,64,32,64,2940904,45.9516,22819.14013875469
MXF8,SS,2,256,64,32,128,5714904,44.6477,23485.55468702755
MXF8,SS,2,256,64,32,256,11260656,43.9869,23838.370060177007
MXF8,SS,2,256,64,32,512,22360980,43.6738,24009.26871488169
MXF8,SS,2,256,80,32,32,1645030,51.4072,25496.81756641093
MXF8,SS,2,256,80,32,64,3117030,48.7036,26912.178976502764
MXF8,SS,2,256,80,32,128,6061030,47.3518,27680.468324329806
MXF8,SS,2,256,80,32,256,11947538,46.6701,28084.790904669157
MXF8,SS,2,256,80,32,512,23731596,46.3508,28278.26056939686
MXF8,SS,2,256,96,32,32,1757030,54.9072,28645.860652154908
MXF8,SS,2,256,96,32,64,3335030,52.1098,30183.650676072448
MXF8,SS,2,256,96,32,128,6493030,50.7268,31006.56851999338
MXF8,SS,2,256,96,32,256,12807274,50.0284,31439.422408072216
MXF8,SS,2,256,96,32,512,25443594,49.6945,31650.665566612002
MXF8,SS,2,256,112,32,32,1973030,61.6572,29761.45527205257
MXF8,SS,2,256,112,32,64,3765030,58.8286,31192.447211050407
MXF8,SS,2,256,112,32,128,7349030,57.4143,31960.818123707857
MXF8,SS,2,256,112,32,256,14517276,56.7081,32358.834099537806
MXF8,SS,2,256,112,32,512,28859106,56.3654,32555.57487394749
MXF8,SS,2,256,128,32,32,2228904,69.6532,30108.480299541156
MXF8,SS,2,256,128,32,64,4276904,66.8266,31381.994594966676
MXF8,SS,2,256,128,32,128,8372904,65.4133,32060.02449043237
MXF8,SS,2,256,128,32,256,16564358,64.7045,32411.22333068025
MXF8,SS,2,256,128,32,512,32955104,64.3654,32581.97727350409
MXF8,SS,2,256,256,32,32,4276904,133.6533,31381.971114817217
MXF8,SS,2,256,256,32,64,8372652,130.8227,32060.98024272546
MXF8,SS,2,256,256,32,128,16564654,129.4114,32410.622248117248
MXF8,SS,2,256,256,32,256,32948654,128.7057,32588.331363723595
MXF8,SS,2,256,256,32,512,65722724,128.3647,32674.902056406474
MXF8,TS,1,128,64,32,32,1144039,35.7512,14664.906352793754
MXF8,TS,1,128,64,32,64,2168039,33.8756,15476.862402437153
MXF8,TS,1,128,64,32,128,4216039,32.9378,15917.517259804843
MXF8,TS,1,128,64,32,256,8312409,32.4703,16146.694055798684
MXF8,TS,1,128,64,32,512,16510490,32.2471,16258.454248599097
MXF8,TS,1,128,80,32,32,1400163,43.7551,14977.911146357796
MXF8,TS,1,128,80,32,64,2680163,41.8775,15649.453763954392
MXF8,TS,1,128,80,32,128,5240163,40.9388,16008.285538413436
MXF8,TS,1,128,80,32,256,10359539,40.4669,16194.96427944814
MXF8,TS,1,128,80,32,512,20605619,40.2453,16284.137526618015
MXF8,TS,1,128,96,32,32,1656163,51.7551,15195.256119686755
MXF8,TS,1,128,96,32,64,3192163,49.8775,15767.269811037042
MXF8,TS,1,128,96,32,128,6264163,48.9388,16069.703384635504
MXF8,TS,1,128,96,32,256,12407539,48.4669,16226.166724094175
MXF8,TS,1,128,96,32,512,24701619,48.2453,16300.69664817091
MXF8,TS,1,128,112,32,32,1912163,59.7551,15354.404895983775
MXF8,TS,1,128,112,32,64,3704163,57.8775,15852.51609001771
MXF8,TS,1,128,112,32,128,7288163,56.9388,16113.862603356587
MXF8,TS,1,128,112,32,256,14455539,56.4669,16248.527898645047
MXF8,TS,1,128,112,32,512,28797619,56.2453,16312.545226001106
MXF8,TS,1,128,128,32,32,2168287,67.759,15475.080801074397
MXF8,TS,1,128,128,32,64,4216289,65.8795,15916.574958826344
MXF8,TS,1,128,128,32,128,8312411,64.9407,16146.669192047513
MXF8,TS,1,128,128,32,256,16504411,64.4704,16264.456246587582
MXF8,TS,1,128,128,32,512,32894483,64.247,16321.01109779445
MXF8,TS,1,128,256,32,32,4217791,131.806,15910.899352078053
MXF8,TS,1,128,256,32,64,8312921,129.8894,16145.674704787305
MXF8,TS,1,128,256,32,128,16504921,128.9447,16263.964319588164
MXF8,TS,1,128,256,32,256,32888921,128.4723,16323.76784723244
MXF8,TS,1,128,256,32,512,65663986,128.25,16352.06237816764
MXF8,TS,2,128,64,32,32,699030,21.8447,24000.695820954283
MXF8,TS,2,128,64,32,64,1243030,19.4223,26994.12530956684
MXF8,TS,2,128,64,32,128,2331030,18.2112,28789.316464593216
MXF8,TS,2,128,64,32,256,4507030,17.6056,29779.61557686191
MXF8,TS,2,128,64,32,512,8865356,17.3151,30279.236042529352
MXF8,TS,2,128,80,32,32,797278,24.9149,26303.93860701829
MXF8,TS,2,128,80,32,64,1437280,22.4575,29182.233106979853
MXF8,TS,2,128,80,32,128,2717280,21.2288,30871.26921917395
MXF8,TS,2,128,80,32,256,5277280,20.6144,31791.36914001863
MXF8,TS,2,128,80,32,512,10403234,20.3188,32253.873260231903
MXF8,TS,2,128,96,32,32,925278,28.9149,27198.157351400143
MXF8,TS,2,128,96,32,64,1693280,26.4575,29724.350373240104
MXF8,TS,2,128,96,32,128,3229280,25.2288,31171.99391171994
MXF8,TS,2,128,96,32,256,6301280,24.6144,31950.078003120125
MXF8,TS,2,128,96,32,512,12451234,24.3188,32338.437751862755
MXF8,TS,2,128,112,32,32,1053278,32.9149,27875.03531835126
MXF8,TS,2,128,112,32,64,1949280,30.4575,30124.074530082904
MXF8,TS,2,128,112,32,128,3741280,29.2288,31390.409459163566
MXF8,TS,2,128,112,32,256,7325280,28.6144,32064.415119660032
MXF8,TS,2,128,112,32,512,14499480,28.3193,32398.540924387256
MXF8,TS,2,128,128,32,32,1180904,36.9032,28414.22966030046
MXF8,TS,2,128,128,32,64,2204906,34.4517,30436.117811312648
MXF8,TS,2,128,128,32,128,4252906,33.2258,31559.0896231242
MXF8,TS,2,128,128,32,256,8348861,32.6127,32152.382354113586
MXF8,TS,2,128,128,32,512,16549371,32.323,32440.553166475882
MXF8,TS,2,128,256,32,32,2204904,68.9032,30436.206155882457
MXF8,TS,2,128,256,32,64,4252906,66.4517,31559.042131352544
MXF8,TS,2,128,256,32,128,8348906,65.2258,32152.18517825768
MXF8,TS,2,128,256,32,256,16534906,64.5895,32468.9307085517
MXF8,TS,2,128,256,32,512,32931104,64.3186,32605.684825229404
MXF8,TS,2,256,64,32,32,1172904,36.6532,28608.034223478444
MXF8,TS,2,256,64,32,64,2196906,34.3267,30546.95033312261
MXF8,TS,2,256,64,32,128,4244906,33.1633,31618.566306730634
MXF8,TS,2,256,64,32,256,8335030,32.5587,32205.70845887581
MXF8,TS,2,256,64,32,512,16538981,32.3027,32460.939797602055
MXF8,TS,2,256,80,32,32,1429278,44.6649,29345.63829763416
MXF8,TS,2,256,80,32,64,2709280,42.3325,30962.49926179649
MXF8,TS,2,256,80,32,128,5269280,41.1662,31839.713162740303
MXF8,TS,2,256,80,32,256,10388784,40.5812,32298.69989058973
MXF8,TS,2,256,80,32,512,20635230,40.3032,32521.487127573
MXF8,TS,2,256,96,32,32,1685278,52.6649,29865.508146792265
MXF8,TS,2,256,96,32,64,3221280,50.3325,31249.47101773208
MXF8,TS,2,256,96,32,128,6293280,49.1662,31990.75787837986
MXF8,TS,2,256,96,32,256,12436784,48.5812,32375.980832091424
MXF8,TS,2,256,96,32,512,24731230,48.3032,32562.314712068768
MXF8,TS,2,256,112,32,32,1941278,60.6649,30248.265471467024
MXF8,TS,2,256,112,32,64,3733280,58.3325,31457.72939613423
MXF8,TS,2,256,112,32,128,7317280,57.1662,32099.52734308035
MXF8,TS,2,256,112,32,256,14484784,56.5812,32431.40831230161
MXF8,TS,2,256,112,32,512,28827230,56.3032,32591.54009008369
MXF8,TS,2,256,128,32,32,2197030,68.6572,30545.259637736464
MXF8,TS,2,256,128,32,64,4245030,66.3286,31617.612915092435
MXF8,TS,2,256,128,32,128,8341278,65.1662,32181.591070217382
MXF8,TS,2,256,128,32,256,16527080,64.5589,32484.32051971146
MXF8,TS,2,256,128,32,512,32923354,64.3034,32613.392137896288
MXF8,TS,2,256,256,32,32,4246904,132.7158,31603.652315700165
MXF8,TS,2,256,256,32,64,8342906,130.3579,32175.29585855556
MXF8,TS,2,256,256,32,128,16534906,129.179,32468.9307085517
MXF8,TS,2,256,256,32,256,32918906,128.5895,32617.779834278852
MXF8,TS,2,256,256,32,512,65693104,128.3068,32689.647002341262
MXF4,SS,1,128,64,64,64,3205915,50.0924,20932.836118852363
MXF4,SS,1,128,64,64,128,6277915,49.0462,21379.352528840154
MXF4,SS,1,128,64,64,256,12421789,48.5226,21610.053871804066
MXF4,SS,1,128,64,64,512,24716362,48.2741,21721.29568443534
MXF4,SS,1,128,64,64,1024,49314361,48.1586,21773.39042247906
MXF4,SS,1,128,80,64,64,3466289,54.1608,24200.528795734182
MXF4,SS,1,128,80,64,128,6794289,53.0804,24693.107060233157
MXF4,SS,1,128,80,64,256,13450411,52.5407,24946.755562830338
MXF4,SS,1,128,80,64,512,26768239,52.2817,25070.340099881985
MXF4,SS,1,128,80,64,1024,53411816,52.16,25128.83435582822
MXF4,SS,1,128,96,64,64,3726289,58.2233,27014.339620049017
MXF4,SS,1,128,96,64,128,7310289,57.1116,27540.184480911055
MXF4,SS,1,128,96,64,256,14477667,56.5534,27812.01483907245
MXF4,SS,1,128,96,64,512,28820733,56.2905,27941.90849255203
MXF4,SS,1,128,96,64,1024,57513369,56.1654,28004.144900597166
MXF4,SS,1,128,112,64,64,3986289,62.2858,29461.097071884764
MXF4,SS,1,128,112,64,128,7822709,61.1149,30025.542052756366
MXF4,SS,1,128,112,64,256,15506411,60.5719,30294.707611945472
MXF4,SS,1,128,112,64,512,30871247,60.2954,30433.631753002715
MXF4,SS,1,128,112,64,1024,61612505,60.1685,30497.818626025244
MXF4,SS,1,128,128,64,64,4246039,66.3444,31610.083141907988
MXF4,SS,1,128,128,64,128,8342409,65.1751,32177.19650602761
MXF4,SS,1,128,128,64,256,16534409,64.5875,32469.936133152696
MXF4,SS,1,128,128,64,512,32924731,64.3061,32612.022809655693
MXF4,SS,1,128,128,64,1024,65714422,64.1742,32679.051706137358
MXF4,SS,1,128,256,64,64,8336658,130.2603,32199.403809142157
MXF4,SS,1,128,256,64,128,16534409,129.1751,32469.910996778795
MXF4,SS,1,128,256,64,256,32918413,128.5876,32618.261791961275
MXF4,SS,1,128,256,64,512,65692613,128.3059,32689.876303427976
MXF4,SS,1,128,256,64,1024,131251528,128.1753,32723.184576123484
MXF4,SS,2,128,64,64,64,1759906,27.4985,38132.11629725258
MXF4,SS,2,128,64,64,128,3359906,26.2493,39946.8176294225
MXF4,SS,2,128,64,64,256,6559906,25.6246,40920.67778618983
MXF4,SS,2,128,64,64,512,12965730,25.3237,41406.90341458792
MXF4,SS,2,128,64,64,1024,25786264,25.1819,41640.066873428936
MXF4,SS,2,128,80,64,64,1892030,29.563,44336.501708216354
MXF4,SS,2,128,80,64,128,3620030,28.2815,46345.490868589004
MXF4,SS,2,128,80,64,256,7076030,27.6407,47419.92786000355
MXF4,SS,2,128,80,64,512,13994600,27.3332,47953.40465075439
MXF4,SS,2,128,80,64,1024,27838128,27.1857,48213.58287629158
MXF4,SS,2,128,96,64,64,2024030,31.6255,49734.04373053391
MXF4,SS,2,128,96,64,128,3880030,30.3127,51887.954553701915
MXF4,SS,2,128,96,64,256,7592030,29.6564,53036.241755573836
MXF4,SS,2,128,96,64,512,15020628,29.3372,53613.296429107075
MXF4,SS,2,128,96,64,1024,29891538,29.191,53881.81288753383
MXF4,SS,2,128,112,64,64,2094030,32.7192,56083.522824518936
MXF4,SS,2,128,112,64,128,4014030,31.3596,58515.03207949081
MXF4,SS,2,128,112,64,256,7851550,30.6701,59830.518974506114
MXF4,SS,2,128,112,64,512,15538882,30.3494,60462.74390927004
MXF4,SS,2,128,112,64,1024,30921758,30.197,60767.89085008445
MXF4,SS,2,128,128,64,64,2223906,34.7485,60352.30297710693
MXF4,SS,2,128,128,64,128,4271906,33.3743,62837.332917843974
MXF4,SS,2,128,128,64,256,8365936,32.6794,64173.51603762615
MXF4,SS,2,128,128,64,512,16564742,32.353,64820.943961920064
MXF4,SS,2,128,128,64,1024,32972269,32.1995,65129.95543409059
MXF4,SS,2,128,256,64,64,4271906,66.7485,62837.427058285946
MXF4,SS,2,128,256,64,128,8365936,65.3589,64173.41785127962
MXF4,SS,2,128,256,64,256,16554154,64.6647,64862.34375169142
MXF4,SS,2,128,256,64,512,32949978,64.3554,65174.080185967294
MXF4,SS,2,128,256,64,1024,65741241,64.2004,65331.43095681647
MXF4,SS,2,256,64,64,64,2940904,45.9516,45638.28027750938
MXF4,SS,2,256,64,64,128,5714904,44.6477,46971.1093740551
MXF4,SS,2,256,64,64,256,11260656,43.9869,47676.740120354014
MXF4,SS,2,256,64,64,512,22360980,43.6738,48018.53742976338
MXF4,SS,2,256,64,64,1024,44567795,43.5232,48184.69230203661
MXF4,SS,2,256,80,64,64,3117030,48.7036,53824.35795300553
MXF4,SS,2,256,80,64,128,6061030,47.3518,55360.93664865961
MXF4,SS,2,256,80,64,256,11947538,46.6701,56169.58180933831
MXF4,SS,2,256,80,64,512,23731596,46.3508,56556.52113879372
MXF4,SS,2,256,80,64,1024,47304367,46.1957,56746.40713313143
MXF4,SS,2,256,96,64,64,3335030,52.1098,60367.301352144896
MXF4,SS,2,256,96,64,128,6493030,50.7268,62013.13703998676
MXF4,SS,2,256,96,64,256,12807274,50.0284,62878.84481614443
MXF4,SS,2,256,96,64,512,25443598,49.6945,63301.331133224005
MXF4,SS,2,256,96,64,1024,50721813,49.533,63507.72212464418
MXF4,SS,2,256,112,64,64,3765030,58.8286,62384.89442210081
MXF4,SS,2,256,112,64,128,7349030,57.4143,63921.636247415714
MXF4,SS,2,256,112,64,256,14517276,56.7081,64717.66819907561
MXF4,SS,2,256,112,64,512,28859102,56.3654,65111.14974789498
MXF4,SS,2,256,112,64,1024,57567175,56.2179,65281.98314060112
MXF4,SS,2,256,128,64,64,4276904,66.8266,62763.98918993335
MXF4,SS,2,256,128,64,128,8372904,65.4133,64120.04898086474
MXF4,SS,2,256,128,64,256,16564358,64.7045,64822.4466613605
MXF4,SS,2,256,128,64,512,32955100,64.3654,65163.95454700818
MXF4,SS,2,256,128,64,1024,65745276,64.2044,65327.360741631404
MXF4,SS,2,256,256,64,64,8372652,130.8227,64121.96048545092
MXF4,SS,2,256,256,64,128,16564654,129.4114,64821.244496234496
MXF4,SS,2,256,256,64,256,32948654,128.7057,65176.66272744719
MXF4,SS,2,256,256,64,512,65722724,128.3647,65349.80411281295
MXF4,SS,2,256,256,64,1024,131280710,128.2038,65431.820273658035
MXF4,TS,1,128,64,64,64,2168039,33.8756,30953.724804874306
MXF4,TS,1,128,64,64,128,4216039,32.9378,31835.034519609686
MXF4,TS,1,128,64,64,256,8312409,32.4703,32293.388111597367
MXF4,TS,1,128,64,64,512,16510470,32.247,32517.00933420163
MXF4,TS,1,128,64,64,1024,32917063,32.1456,32619.58090687372
MXF4,TS,1,128,80,64,64,2680163,41.8775,31298.907527908785
MXF4,TS,1,128,80,64,128,5240163,40.9388,32016.571076826873
MXF4,TS,1,128,80,64,256,10359539,40.4669,32389.92855889628
MXF4,TS,1,128,80,64,512,20605619,40.2453,32568.27505323603
MXF4,TS,1,128,80,64,1024,41107776,40.1443,32650.214351726147
MXF4,TS,1,128,96,64,64,3192163,49.8775,31534.539622074084
MXF4,TS,1,128,96,64,128,6264163,48.9388,32139.40676927101
MXF4,TS,1,128,96,64,256,12407539,48.4669,32452.33344818835
MXF4,TS,1,128,96,64,512,24701619,48.2453,32601.39329634182
MXF4,TS,1,128,96,64,1024,49300925,48.1454,32669.04003290034
MXF4,TS,1,128,112,64,64,3704163,57.8775,31705.03218003542
MXF4,TS,1,128,112,64,128,7288163,56.9388,32227.725206713174
MXF4,TS,1,128,112,64,256,14455539,56.4669,32497.055797290093
MXF4,TS,1,128,112,64,512,28797619,56.2453,32625.090452002212
MXF4,TS,1,128,112,64,1024,57493686,56.1462,32682.674873811586
MXF4,TS,1,128,128,64,64,4216289,65.8795,31833.14991765269
MXF4,TS,1,128,128,64,128,8312411,64.9407,32293.338384095026
MXF4,TS,1,128,128,64,256,16504411,64.4704,32528.912493175165
MXF4,TS,1,128,128,64,512,32894485,64.247,32642.0221955889
MXF4,TS,1,128,128,64,1024,65684481,64.145,32693.927819783305
MXF4,TS,1,128,256,64,64,8312921,129.8894,32291.34940957461
MXF4,TS,1,128,256,64,128,16504921,128.9447,32527.928639176327
MXF4,TS,1,128,256,64,256,32888921,128.4723,32647.53569446488
MXF4,TS,1,128,256,64,512,65663986,128.25,32704.12475633528
MXF4,TS,1,128,256,64,1024,131223527,128.148,32730.1557574055
MXF4,TS,2,128,64,64,64,1243030,19.4223,53988.25061913368
MXF4,TS,2,128,64,64,128,2331030,18.2112,57578.63292918643
MXF4,TS,2,128,64,64,256,4507030,17.6056,59559.23115372382
MXF4,TS,2,128,64,64,512,8865356,17.3151,60558.472085058704
MXF4,TS,2,128,64,64,1024,17591545,17.1792,61037.5337617584
MXF4,TS,2,128,80,64,64,1437280,22.4575,58364.466213959706
MXF4,TS,2,128,80,64,128,2717280,21.2288,61742.5384383479
MXF4,TS,2,128,80,64,256,5277280,20.6144,63582.73828003726
MXF4,TS,2,128,80,64,512,10403234,20.3188,64507.74652046381
MXF4,TS,2,128,80,64,1024,20663601,20.1793,64953.69016764704
MXF4,TS,2,128,96,64,64,1693280,26.4575,59448.70074648021
MXF4,TS,2,128,96,64,128,3229280,25.2288,62343.98782343988
MXF4,TS,2,128,96,64,256,6301280,24.6144,63900.15600624025
MXF4,TS,2,128,96,64,512,12451234,24.3188,64676.87550372551
MXF4,TS,2,128,96,64,1024,24766161,24.1857,65032.808643123826
MXF4,TS,2,128,112,64,64,1949280,30.4575,60248.14906016581
MXF4,TS,2,128,112,64,128,3741280,29.2288,62780.81891832713
MXF4,TS,2,128,112,64,256,7325280,28.6144,64128.830239320065
MXF4,TS,2,128,112,64,512,14499480,28.3193,64797.08184877451
MXF4,TS,2,128,112,64,1024,28856640,28.1803,65116.694996149796
MXF4,TS,2,128,128,64,64,2204906,34.4517,60872.235622625296
MXF4,TS,2,128,128,64,128,4252906,33.2258,63118.1792462484
MXF4,TS,2,128,128,64,256,8348861,32.6127,64304.76470822717
MXF4,TS,2,128,128,64,512,16546981,32.3183,64890.5418911267
MXF4,TS,2,128,128,64,1024,32953461,32.1811,65167.194409140764
MXF4,TS,2,128,256,64,64,4252906,66.4517,63118.08426270509
MXF4,TS,2,128,256,64,128,8348906,65.2258,64304.37035651536
MXF4,TS,2,128,256,64,256,16534906,64.5895,64937.8614171034
MXF4,TS,2,128,256,64,512,32931104,64.3186,65211.36965045881
MXF4,TS,2,128,256,64,1024,65719675,64.1794,65352.807910326366
MXF4,TS,2,256,64,64,64,2196906,34.3267,61093.90066624522
MXF4,TS,2,256,64,64,128,4244906,33.1633,63237.13261346127
MXF4,TS,2,256,64,64,256,8335030,32.5587,64411.41691775162
MXF4,TS,2,256,64,64,512,16538981,32.3027,64921.87959520411
MXF4,TS,2,256,64,64,1024,32942525,32.1704,65188.869271131225
MXF4,TS,2,256,80,64,64,2709280,42.3325,61924.99852359298
MXF4,TS,2,256,80,64,128,5269280,41.1662,63679.42632548061
MXF4,TS,2,256,80,64,256,10388784,40.5812,64597.39978117946
MXF4,TS,2,256,80,64,512,20635230,40.3032,65042.974255146
MXF4,TS,2,256,80,64,1024,41136297,40.1722,65255.07689397146
MXF4,TS,2,256,96,64,64,3221280,50.3325,62498.94203546416
MXF4,TS,2,256,96,64,128,6293280,49.1662,63981.51575675972
MXF4,TS,2,256,96,64,256,12436784,48.5812,64751.96166418285
MXF4,TS,2,256,96,64,512,24731230,48.3032,65124.629424137536
MXF4,TS,2,256,96,64,1024,49331139,48.1749,65298.07015686592
MXF4,TS,2,256,112,64,64,3733280,58.3325,62915.45879226846
MXF4,TS,2,256,112,64,128,7317280,57.1662,64199.0546861607
MXF4,TS,2,256,112,64,256,14484784,56.5812,64862.81662460322
MXF4,TS,2,256,112,64,512,28827230,56.3032,65183.08018016738
MXF4,TS,2,256,112,64,1024,57521228,56.1731,65334.047791558594
MXF4,TS,2,256,128,64,64,4245030,66.3286,63235.22583018487
MXF4,TS,2,256,128,64,128,8341278,65.1662,64363.182140434765
MXF4,TS,2,256,128,64,256,16527080,64.5589,64968.64103942292
MXF4,TS,2,256,128,64,512,32923354,64.3034,65226.784275792575
MXF4,TS,2,256,128,64,1024,65713711,64.1735,65358.81633384496
MXF4,TS,2,256,256,64,64,8342906,130.3579,64350.59171711112
MXF4,TS,2,256,256,64,128,16534906,129.179,64937.8614171034
MXF4,TS,2,256,256,64,256,32918906,128.5895,65235.559668557704
MXF4,TS,2,256,256,64,512,65693104,128.3068,65379.294004682524
MXF4,TS,2,256,256,64,1024,131250649,128.1745,65446.777635177044
