mode,mode_name,cluster_size,sharing_group,smem_width,smem_height,tile_bytes,total_smem_bytes,gpu_time_ns,sm_cycles,tma_instructions,smsp_tma_instructions,tma_xbar_active_cycles,tma_mcast_requests,tma_mcast_req_32B,tma_mcast_req_64B,tma_mcast_req_96B,tma_mcast_req_128B,tma_mcast_req_replayed,tma_ld_bytes,tma_ld_bytes_self,tma_ld_bytes_mcast,tma_ld_sectors,tma_ld_sectors_self,tma_ld_sectors_mcast,tma_pipe_bytes,tma_pipe_sectors,lts_sectors_total,lts_sectors_read,lts_sectors_tex,lts_sectors_tex_read,lts_requests_tex,lts_tex_hit,lts_tex_miss,lts_hit,lts_miss,lts_hit_rate_pct,dram_bytes_read,dram_bytes_total,dram_sectors_read,dram_throughput_pct_peak,gcc_xbar2gcc_sectors,stall_barrier,stall_long_scoreboard,stall_mio_throttle,lrc_ilc_input_sectors
0,implicit_l2_intra,1,1,32,8,1024,4128,28269440,44524198,2097120,2097120,8388480,0,0,0,0,0,0,2147450880,2147450880,0,67107840,67107840,0,2147450880,67107840,71361330,67140204,67107840,67107840,16776960,0,67107840,18839,71342165,n/a,n/a,n/a,n/a,n/a,336,2726960.11,25541473.10,0,n/a
1,explicit_mcast,1,1,32,8,1024,4128,28400864,44731311,2097120,2097120,8388480,0,0,0,0,0,0,2147450880,2147450880,0,67107840,67107840,0,2147450880,67107840,71345023,67133058,67107840,67107840,16776960,0,67107840,18559,71342258,n/a,n/a,n/a,n/a,n/a,360,2732971.65,25452091.76,0,n/a
0,implicit_l2_intra,1,1,64,4,1024,4128,28217952,44443259.80,2097120,2097120,8388480,0,0,0,0,0,0,2147450880,2147450880,0,67107840,67107840,0,2147450880,67107840,71343955,67132570,67107840,67107840,16776960,0,67107840,18748,71331599,n/a,n/a,n/a,n/a,n/a,336,2744055.40,25455060.91,0,n/a
1,explicit_mcast,1,1,64,4,1024,4128,28430656,44778194.90,2097120,2097120,8388480,0,0,0,0,0,0,2147450880,2147450880,0,67107840,67107840,0,2147450880,67107840,71361498,67140407,67107840,67107840,16776960,0,67107840,10484,71338152,n/a,n/a,n/a,n/a,n/a,360,2791231.74,25417619.01,0,n/a
0,implicit_l2_intra,1,1,128,4,2048,8224,16019552,25230722.20,1048560,1048560,8388480,0,0,0,0,0,0,2147450880,2147450880,0,67107840,67107840,0,2147450880,67107840,69238061,67126098,67107840,67107840,16776960,0,67107840,2046,69214790,n/a,n/a,n/a,n/a,n/a,336,1776830.96,15454284.12,0,n/a
1,explicit_mcast,1,1,128,4,2048,8224,14983360,23598718.70,1048560,1048560,8388480,0,0,0,0,0,0,2147450880,2147450880,0,67107840,67107840,0,2147450880,67107840,69237722,67125617,67107840,67107840,16776960,0,67107840,12346,69228449,n/a,n/a,n/a,n/a,n/a,360,1762896.25,13811993.44,0,n/a
0,implicit_l2_intra,1,1,32,16,2048,8224,15955456,25129780.20,1048560,1048560,8388480,0,0,0,0,0,0,2147450880,2147450880,0,67107840,67107840,0,2147450880,67107840,69229074,67121462,67107840,67107840,16776960,0,67107840,12305,69228836,n/a,n/a,n/a,n/a,n/a,336,1782039.07,15423844.56,0,n/a
1,explicit_mcast,1,1,32,16,2048,8224,16152576,25440233.30,1048560,1048560,8388480,0,0,0,0,0,0,2147450880,2147450880,0,67107840,67107840,0,2147450880,67107840,69238491,67126575,67107840,67107840,16776960,0,67107840,10608,69229028,n/a,n/a,n/a,n/a,n/a,360,1781847.84,15379857.64,0,n/a
0,implicit_l2_intra,1,1,64,8,2048,8224,15957984,25133759.70,1048560,1048560,8388480,0,0,0,0,0,0,2147450880,2147450880,0,67107840,67107840,0,2147450880,67107840,69220801,67118361,67107840,67107840,16776960,0,67107840,12573,69227085,n/a,n/a,n/a,n/a,n/a,336,1778594.01,15402591.18,0,n/a
1,explicit_mcast,1,1,64,8,2048,8224,16132064,25407870.40,1048560,1048560,8388480,0,0,0,0,0,0,2147450880,2147450880,0,67107840,67107840,0,2147450880,67107840,69237808,67125910,67107840,67107840,16776960,0,67107840,10328,69227089,n/a,n/a,n/a,n/a,n/a,360,1774758.25,15401970.14,0,n/a
0,implicit_l2_intra,1,1,32,32,4096,16416,11003008,17329632.80,524240,524240,8387840,0,0,0,0,0,0,2147287040,2147287040,0,67102720,67102720,0,2147287040,67102720,68160962,67109721,67102720,67102720,16775680,0,67102720,4169,68171101,n/a,n/a,n/a,n/a,n/a,360,1055557.12,12232077.21,0,n/a
1,explicit_mcast,1,1,32,32,4096,16416,11315712,17822155.80,524240,524240,8387840,0,0,0,0,0,0,2147287040,2147287040,0,67102720,67102720,0,2147287040,67102720,68194039,67122580,67102720,67102720,16775680,0,67102720,7479,68160717,n/a,n/a,n/a,n/a,n/a,360,1094359.32,12418600.68,0,n/a
0,implicit_l2_intra,1,1,64,16,4096,16416,11025248,17364662.20,524240,524240,8387840,0,0,0,0,0,0,2147287040,2147287040,0,67102720,67102720,0,2147287040,67102720,68164730,67110887,67102720,67102720,16775680,0,67102720,21312,68158578,n/a,n/a,n/a,n/a,n/a,336,1062634.44,12246572.30,0,n/a
1,explicit_mcast,1,1,64,16,4096,16416,11167008,17587953,524240,524240,8387840,0,0,0,0,0,0,2147287040,2147287040,0,67102720,67102720,0,2147287040,67102720,68181668,67118463,67102720,67102720,16775680,0,67102720,13559,68158504,n/a,n/a,n/a,n/a,n/a,360,1077204.84,12271111.88,0,n/a
0,implicit_l2_intra,1,1,128,8,4096,16416,10984384,17300323.60,524240,524240,8387840,0,0,0,0,0,0,2147287040,2147287040,0,67102720,67102720,0,2147287040,67102720,68160961,67109729,67102720,67102720,16775680,0,67102720,10818,68160414,n/a,n/a,n/a,n/a,n/a,336,1089856.23,12175162.46,0,n/a
1,explicit_mcast,1,1,128,8,4096,16416,11010880,17342055.70,524240,524240,8387840,0,0,0,0,0,0,2147287040,2147287040,0,67102720,67102720,0,2147287040,67102720,68161153,67109799,67102720,67102720,16775680,0,67102720,10651,68176901,n/a,n/a,n/a,n/a,n/a,360,1097098.15,12094816.70,0,n/a
0,implicit_l2_intra,1,1,32,48,6144,24608,8375488,13191303.10,349520,349520,8388480,0,0,0,0,0,0,2147450880,2147450880,0,67107840,67107840,0,2147450880,67107840,68486283,67119949,67107840,67107840,16776960,0,67107840,12851,68485147,n/a,n/a,n/a,n/a,n/a,360,822928.79,9528190.10,0,n/a
1,explicit_mcast,1,1,32,48,6144,24608,11149120,17559798.30,349520,349520,8388480,0,0,0,0,0,0,2147450880,2147450880,0,67107840,67107840,0,2147450880,67107840,68495642,67123560,67107840,67107840,16776960,0,67107840,2253,68485869,n/a,n/a,n/a,n/a,n/a,360,921844.19,13025074.10,0,n/a
0,implicit_l2_intra,1,1,64,24,6144,24608,11177024,17603740.10,349520,349520,8388480,0,0,0,0,0,0,2147450880,2147450880,0,67107840,67107840,0,2147450880,67107840,68499289,67124430,67107840,67107840,16776960,0,67107840,11010,68473923,n/a,n/a,n/a,n/a,n/a,360,931489.24,12982180.76,0,n/a
1,explicit_mcast,1,1,64,24,6144,24608,11077536,17447013.30,349520,349520,8388480,0,0,0,0,0,0,2147450880,2147450880,0,67107840,67107840,0,2147450880,67107840,68485603,67117571,67107840,67107840,16776960,0,67107840,10856,68478431,n/a,n/a,n/a,n/a,n/a,360,930346.30,12810501.04,0,n/a
0,implicit_l2_intra,1,1,128,12,6144,24608,11274656,17757489.40,349520,349520,8388480,0,0,0,0,0,0,2147450880,2147450880,0,67107840,67107840,0,2147450880,67107840,68506962,67127057,67107840,67107840,16776960,0,67107840,10888,68473556,n/a,n/a,n/a,n/a,n/a,360,934785.06,12988243.24,0,n/a
1,explicit_mcast,1,1,128,12,6144,24608,10937216,17226031.10,349520,349520,8388480,0,0,0,0,0,0,2147450880,2147450880,0,67107840,67107840,0,2147450880,67107840,68473722,67114525,67107840,67107840,16776960,0,67107840,19776,68474059,n/a,n/a,n/a,n/a,n/a,360,941399.84,12529805.81,0,n/a
0,implicit_l2_intra,1,1,32,64,8192,32800,11178688,17606329.20,262080,262080,8386560,0,0,0,0,0,0,2146959360,2146959360,0,67092480,67092480,0,2146959360,67092480,68170910,67106947,67092480,67092480,16773120,0,67092480,10226,68159763,n/a,n/a,n/a,n/a,n/a,336,641049.90,14494489.34,0,n/a
1,explicit_mcast,1,1,32,64,8192,32800,10844576,17080119.80,262080,262080,8386560,0,0,0,0,0,0,2146959360,2146959360,0,67092480,67092480,0,2146959360,67092480,68149475,67098398,67092480,67092480,16773120,0,67092480,13354,68148682,n/a,n/a,n/a,n/a,n/a,360,607311.82,14191074.95,0,n/a
0,implicit_l2_intra,1,1,64,32,8192,32800,8251328,12995751.40,262080,262080,8386560,0,0,0,0,0,0,2146959360,2146959360,0,67092480,67092480,0,2146959360,67092480,68149430,67098220,67092480,67092480,16773120,0,67092480,13346,68148742,n/a,n/a,n/a,n/a,n/a,360,598020.71,10296611.24,0,n/a
1,explicit_mcast,1,1,64,32,8192,32800,10847616,17084928.70,262080,262080,8386560,0,0,0,0,0,0,2146959360,2146959360,0,67092480,67092480,0,2146959360,67092480,68149674,67098695,67092480,67092480,16773120,0,67092480,11255,68163169,n/a,n/a,n/a,n/a,n/a,360,611349.39,14187267.28,0,n/a
0,implicit_l2_intra,1,1,128,16,8192,32800,11120160,17514235.70,262080,262080,8386560,0,0,0,0,0,0,2146959360,2146959360,0,67092480,67092480,0,2146959360,67092480,68171801,67107990,67092480,67092480,16773120,0,67092480,2234,68146807,n/a,n/a,n/a,n/a,n/a,336,621660.09,14513872.84,0,n/a
1,explicit_mcast,1,1,128,16,8192,32800,10916864,17193917.20,262080,262080,8386560,0,0,0,0,0,0,2146959360,2146959360,0,67092480,67092480,0,2146959360,67092480,68149164,67098081,67092480,67092480,16773120,0,67092480,2204,68159487,n/a,n/a,n/a,n/a,n/a,360,635249.41,14153782.22,0,n/a
0,implicit_l2_intra,1,1,32,80,10240,40992,11205312,17648322.30,209680,209680,8387200,0,0,0,0,0,0,2147123200,2147123200,0,67097600,67097600,0,2147123200,67097600,67966965,67112893,67097600,67097600,16774400,0,67097600,13782,67944321,n/a,n/a,n/a,n/a,n/a,360,591889.39,14227541.05,0,n/a
1,explicit_mcast,1,1,32,80,10240,40992,11225952,17680805.10,209680,209680,8387200,0,0,0,0,0,0,2147123200,2147123200,0,67097600,67097600,0,2147123200,67097600,67966926,67112794,67097600,67097600,16774400,0,67097600,13479,67941865,n/a,n/a,n/a,n/a,n/a,360,595592.11,14197690.99,0,n/a
0,implicit_l2_intra,1,1,64,40,10240,40992,10894912,17159362.50,209680,209680,8387200,0,0,0,0,0,0,2147123200,2147123200,0,67097600,67097600,0,2147123200,67097600,67943873,67102364,67097600,67097600,16774400,0,67097600,13511,67952472,n/a,n/a,n/a,n/a,n/a,360,594636.03,13910821.89,0,n/a
1,explicit_mcast,1,1,64,40,10240,40992,8607776,13557150,209680,209680,8387200,0,0,0,0,0,0,2147123200,2147123200,0,67097600,67097600,0,2147123200,67097600,67965366,67111327,67097600,67097600,16774400,0,67097600,13483,67949793,n/a,n/a,n/a,n/a,n/a,360,566982.53,10738971.50,0,n/a
0,implicit_l2_intra,1,1,128,20,10240,40992,11095264,17474942.70,209680,209680,8387200,0,0,0,0,0,0,2147123200,2147123200,0,67097600,67097600,0,2147123200,67097600,67958223,67108445,67097600,67097600,16774400,0,67097600,11435,67943912,n/a,n/a,n/a,n/a,n/a,360,592549.55,14171444.80,0,n/a
1,explicit_mcast,1,1,128,20,10240,40992,11240864,17704299.30,209680,209680,8387200,0,0,0,0,0,0,2147123200,2147123200,0,67097600,67097600,0,2147123200,67097600,67967192,67113034,67097600,67097600,16774400,0,67097600,6736,67942389,n/a,n/a,n/a,n/a,n/a,360,592946.32,14249963.70,0,n/a
0,implicit_l2_intra,1,1,32,96,12288,49184,11276864,17761021,174720,174720,8386560,0,0,0,0,0,0,2146959360,2146959360,0,67092480,67092480,0,2146959360,67092480,67821039,67106124,67092480,67092480,16773120,0,67092480,2283,67808467,n/a,n/a,n/a,n/a,n/a,360,429389.20,14452180.47,0,n/a
1,explicit_mcast,1,1,32,96,12288,49184,11410304,17971152.10,174720,174720,8386560,0,0,0,0,0,0,2146959360,2146959360,0,67092480,67092480,0,2146959360,67092480,67825759,67107746,67092480,67092480,16773120,0,67092480,13826,67797635,n/a,n/a,n/a,n/a,n/a,360,462941.51,14335491.46,0,n/a
0,implicit_l2_intra,1,1,64,48,12288,49184,11120960,17515443.90,174720,174720,8386560,0,0,0,0,0,0,2146959360,2146959360,0,67092480,67092480,0,2146959360,67092480,67812081,67103144,67092480,67092480,16773120,0,67092480,6234,67795267,n/a,n/a,n/a,n/a,n/a,360,448935.78,14209306.99,0,n/a
1,explicit_mcast,1,1,64,48,12288,49184,8645632,13616800.40,174720,174720,8386560,0,0,0,0,0,0,2146959360,2146959360,0,67092480,67092480,0,2146959360,67092480,67824288,67107330,67092480,67092480,16773120,0,67092480,7477,67810461,n/a,n/a,n/a,n/a,n/a,360,439507.01,10945414.71,0,n/a
0,implicit_l2_intra,1,1,128,24,12288,49184,11392512,17943106.80,174720,174720,8386560,0,0,0,0,0,0,2146959360,2146959360,0,67092480,67092480,0,2146959360,67092480,67827227,67109101,67092480,67092480,16773120,0,67092480,11967,67796064,n/a,n/a,n/a,n/a,n/a,360,430797.45,14535929.89,0,n/a
1,explicit_mcast,1,1,128,24,12288,49184,10961472,17264237.70,174720,174720,8386560,0,0,0,0,0,0,2146959360,2146959360,0,67092480,67092480,0,2146959360,67092480,67802174,67097597,67092480,67092480,16773120,0,67092480,12092,67808366,n/a,n/a,n/a,n/a,n/a,360,469230.40,13950885.15,0,n/a
0,implicit_l2_intra,1,1,32,112,14336,57376,10905152,17175507.60,149760,149760,8386560,0,0,0,0,0,0,2146959360,2146959360,0,67092480,67092480,0,2146959360,67092480,67698883,67097040,67092480,67092480,16773120,0,67092480,13859,67710059,n/a,n/a,n/a,n/a,n/a,360,370312.11,13960640.47,0,n/a
1,explicit_mcast,1,1,32,112,14336,57376,11144128,17551951.20,149760,149760,8386560,0,0,0,0,0,0,2146959360,2146959360,0,67092480,67092480,0,2146959360,67092480,67707971,67101023,67092480,67092480,16773120,0,67092480,11108,67696436,n/a,n/a,n/a,n/a,n/a,360,363249.79,14219789.09,0,n/a
0,implicit_l2_intra,1,1,64,56,14336,57376,10950432,17246876.40,149760,149760,8386560,0,0,0,0,0,0,2146959360,2146959360,0,67092480,67092480,0,2146959360,67092480,67702182,67097902,67092480,67092480,16773120,0,67092480,12055,67698180,n/a,n/a,n/a,n/a,n/a,360,364844.97,14017629.72,0,n/a
1,explicit_mcast,1,1,64,56,14336,57376,10962400,17265652.30,149760,149760,8386560,0,0,0,0,0,0,2146959360,2146959360,0,67092480,67092480,0,2146959360,67092480,67698720,67096947,67092480,67092480,16773120,0,67092480,11921,67708336,n/a,n/a,n/a,n/a,n/a,360,368266.40,13990549.22,0,n/a
0,implicit_l2_intra,1,1,128,28,14336,57376,10934400,17221575,149760,149760,8386560,0,0,0,0,0,0,2146959360,2146959360,0,67092480,67092480,0,2146959360,67092480,67697592,67095876,67092480,67092480,16773120,0,67092480,14001,67707232,n/a,n/a,n/a,n/a,n/a,360,384329.83,13766329.22,0,n/a
1,explicit_mcast,1,1,128,28,14336,57376,11461920,18052423.90,149760,149760,8386560,0,0,0,0,0,0,2146959360,2146959360,0,67092480,67092480,0,2146959360,67092480,67727397,67108005,67092480,67092480,16773120,0,67092480,11449,67696386,n/a,n/a,n/a,n/a,n/a,360,343234.89,14474360.29,0,n/a
0,implicit_l2_intra,1,1,32,128,16384,65568,11173376,17598035,131040,131040,8386560,0,0,0,0,0,0,2146959360,2146959360,0,67092480,67092480,0,2146959360,67092480,67634907,67099012,67092480,67092480,16773120,0,67092480,11894,67627923,n/a,n/a,n/a,n/a,n/a,336,289352.60,13627357.65,0,n/a
1,explicit_mcast,1,1,32,128,16384,65568,10878240,17133077.90,131040,131040,8386560,0,0,0,0,0,0,2146959360,2146959360,0,67092480,67092480,0,2146959360,67092480,67623333,67096279,67092480,67092480,16773120,0,67092480,8090,67627562,n/a,n/a,n/a,n/a,n/a,360,290836.05,13673992.70,0,n/a
0,implicit_l2_intra,1,1,64,64,16384,65568,8659680,13638892.60,131040,131040,8386560,0,0,0,0,0,0,2146959360,2146959360,0,67092480,67092480,0,2146959360,67092480,67638514,67104037,67092480,67092480,16773120,0,67092480,13790,67635305,n/a,n/a,n/a,n/a,n/a,336,292453.51,11071793.82,0,n/a
1,explicit_mcast,1,1,64,64,16384,65568,8656736,13634280.60,131040,131040,8386560,0,0,0,0,0,0,2146959360,2146959360,0,67092480,67092480,0,2146959360,67092480,67643319,67105041,67092480,67092480,16773120,0,67092480,13524,67623629,n/a,n/a,n/a,n/a,n/a,360,284938.99,10727832.40,0,n/a
0,implicit_l2_intra,1,1,128,32,16384,65568,11184832,17616085.60,131040,131040,8386560,0,0,0,0,0,0,2146959360,2146959360,0,67092480,67092480,0,2146959360,67092480,67633753,67100785,67092480,67092480,16773120,0,67092480,12760,67632012,n/a,n/a,n/a,n/a,n/a,360,284569.72,13773509.64,0,n/a
1,explicit_mcast,1,1,128,32,16384,65568,11399648,17954395,131040,131040,8386560,0,0,0,0,0,0,2146959360,2146959360,0,67092480,67092480,0,2146959360,67092480,67649095,67106312,67092480,67092480,16773120,0,67092480,18757,67620768,n/a,n/a,n/a,n/a,n/a,360,270379.79,14047692.24,0,n/a
0,implicit_l2_intra,1,1,32,160,20480,81952,11192032,17627386.30,104800,104800,8384000,0,0,0,0,0,0,2146304000,2146304000,0,67072000,67072000,0,2146304000,67072000,67510102,67079864,67072000,67072000,16768000,0,67072000,11985,67508089,n/a,n/a,n/a,n/a,n/a,360,209886.06,13620251.54,0,n/a
1,explicit_mcast,1,1,32,160,20480,81952,8833344,13912479.80,104800,104800,8384000,0,0,0,0,0,0,2146304000,2146304000,0,67072000,67072000,0,2146304000,67072000,67519348,67084506,67072000,67072000,16768000,0,67072000,4313,67506090,n/a,n/a,n/a,n/a,n/a,360,197403.60,10702714.50,0,n/a
0,implicit_l2_intra,1,1,64,80,20480,81952,8316256,13098023.90,104800,104800,8384000,0,0,0,0,0,0,2146304000,2146304000,0,67072000,67072000,0,2146304000,67072000,67497945,67075674,67072000,67072000,16768000,0,67072000,13448,67497874,n/a,n/a,n/a,n/a,n/a,360,213840.42,10264106.49,0,n/a
1,explicit_mcast,1,1,64,80,20480,81952,11442752,18022289.20,104800,104800,8384000,0,0,0,0,0,0,2146304000,2146304000,0,67072000,67072000,0,2146304000,67072000,67519407,67084831,67072000,67072000,16768000,0,67072000,11082,67494733,n/a,n/a,n/a,n/a,n/a,360,190109.77,13926007.01,0,n/a
0,implicit_l2_intra,1,1,128,40,20480,81952,10900032,17167433.20,104800,104800,8384000,0,0,0,0,0,0,2146304000,2146304000,0,67072000,67072000,0,2146304000,67072000,67497945,67076262,67072000,67072000,16768000,0,67072000,6969,67495734,n/a,n/a,n/a,n/a,n/a,360,222234.52,13961993.88,0,n/a
1,explicit_mcast,1,1,128,40,20480,81952,11146112,17555017.90,104800,104800,8384000,0,0,0,0,0,0,2146304000,2146304000,0,67072000,67072000,0,2146304000,67072000,67508001,67079930,67072000,67072000,16768000,0,67072000,5815,67496220,n/a,n/a,n/a,n/a,n/a,360,215872.85,13600651.28,0,n/a
0,implicit_l2_intra,1,1,32,176,22528,90144,11208352,17653092.50,95280,95280,8384640,0,0,0,0,0,0,2146467840,2146467840,0,67077120,67077120,0,2146467840,67077120,67477882,67085996,67077120,67077120,16769280,0,67077120,9083,67461331,n/a,n/a,n/a,n/a,n/a,360,162081.05,14557274.70,0,n/a
1,explicit_mcast,1,1,32,176,22528,90144,11499552,18111682.10,95280,95280,8384640,0,0,0,0,0,0,2146467840,2146467840,0,67077120,67077120,0,2146467840,67077120,67486768,67091073,67077120,67077120,16769280,0,67077120,10890,67462953,n/a,n/a,n/a,n/a,n/a,360,193614.27,14114474.07,0,n/a
0,implicit_l2_intra,1,1,64,88,22528,90144,8632768,13596490.10,95280,95280,8384640,0,0,0,0,0,0,2146467840,2146467840,0,67077120,67077120,0,2146467840,67077120,67476937,67086746,67077120,67077120,16769280,0,67077120,13826,67476221,n/a,n/a,n/a,n/a,n/a,360,188851.20,10718169.59,0,n/a
1,explicit_mcast,1,1,64,88,22528,90144,11694656,18419011.80,95280,95280,8384640,0,0,0,0,0,0,2146467840,2146467840,0,67077120,67077120,0,2146467840,67077120,67492713,67092059,67077120,67077120,16769280,0,67077120,11995,67464051,n/a,n/a,n/a,n/a,n/a,360,168577.11,14196672.71,0,n/a
0,implicit_l2_intra,1,1,128,44,22528,90144,11623552,18306981.20,95280,95280,8384640,0,0,0,0,0,0,2146467840,2146467840,0,67077120,67077120,0,2146467840,67077120,67489792,67090677,67077120,67077120,16769280,0,67077120,9324,67467081,n/a,n/a,n/a,n/a,n/a,360,171469.86,14174115.93,0,n/a
1,explicit_mcast,1,1,128,44,22528,90144,10913088,17188040.10,95280,95280,8384640,0,0,0,0,0,0,2146467840,2146467840,0,67077120,67077120,0,2146467840,67077120,67464410,67080515,67077120,67077120,16769280,0,67077120,8081,67469891,n/a,n/a,n/a,n/a,n/a,360,194226.39,13486476.36,0,n/a
0,implicit_l2_intra,1,1,64,96,24576,98336,11534944,18167449.70,87360,87360,8386560,0,0,0,0,0,0,2146959360,2146959360,0,67092480,67092480,0,2146959360,67092480,67470149,67105127,67092480,67092480,16773120,0,67092480,14245,67447310,n/a,n/a,n/a,n/a,n/a,360,159295.61,14269550.15,0,n/a
1,explicit_mcast,1,1,64,96,24576,98336,11483808,18086854,87360,87360,8386560,0,0,0,0,0,0,2146959360,2146959360,0,67092480,67092480,0,2146959360,67092480,67470502,67105287,67092480,67092480,16773120,0,67092480,11973,67445167,n/a,n/a,n/a,n/a,n/a,360,173432.31,14225482.62,0,n/a
0,implicit_l2_intra,1,1,128,48,24576,98336,11670656,18381181.20,87360,87360,8386560,0,0,0,0,0,0,2146959360,2146959360,0,67092480,67092480,0,2146959360,67092480,67475418,67108035,67092480,67092480,16773120,0,67092480,2360,67458202,n/a,n/a,n/a,n/a,n/a,360,164295.10,14338484.74,0,n/a
1,explicit_mcast,1,1,128,48,24576,98336,11495776,18105798.90,87360,87360,8386560,0,0,0,0,0,0,2146959360,2146959360,0,67092480,67092480,0,2146959360,67092480,67469979,67105058,67092480,67092480,16773120,0,67092480,14184,67445716,n/a,n/a,n/a,n/a,n/a,360,158877.83,14268653.62,0,n/a
0,implicit_l2_intra,1,1,128,52,26624,106528,11600672,18270970.50,80640,80640,8386560,0,0,0,0,0,0,2146959360,2146959360,0,67092480,67092480,0,2146959360,67092480,67443869,67105268,67092480,67092480,16773120,0,67092480,2204,67427569,n/a,n/a,n/a,n/a,n/a,360,131986.10,14156305.57,0,n/a
1,explicit_mcast,1,1,128,52,26624,106528,11503136,18117344.40,80640,80640,8386560,0,0,0,0,0,0,2146959360,2146959360,0,67092480,67092480,0,2146959360,67092480,67437752,67103429,67092480,67092480,16773120,0,67092480,8531,67421104,n/a,n/a,n/a,n/a,n/a,360,112982.30,14272405.88,0,n/a
0,implicit_l2_intra,1,1,128,56,28672,114720,11075552,17443901.40,74880,74880,8386560,0,0,0,0,0,0,2146959360,2146959360,0,67092480,67092480,0,2146959360,67092480,67403056,67097896,67092480,67092480,16773120,0,67092480,2292,67403384,n/a,n/a,n/a,n/a,n/a,360,155511.85,14479643.47,0,n/a
1,explicit_mcast,1,1,128,56,28672,114720,10909120,17181803.60,74880,74880,8386560,0,0,0,0,0,0,2146959360,2146959360,0,67092480,67092480,0,2146959360,67092480,67397964,67095667,67092480,67092480,16773120,0,67092480,2142,67402247,n/a,n/a,n/a,n/a,n/a,360,155229.54,13965204.22,0,n/a
0,implicit_l2_intra,1,1,128,60,30720,122912,10957952,17258672,69840,69840,8380800,0,0,0,0,0,0,2145484800,2145484800,0,67046400,67046400,0,2145484800,67046400,67332245,67050354,67046400,67046400,16761600,0,67046400,7833,67330889,n/a,n/a,n/a,n/a,n/a,360,117921.35,13918564.51,0,n/a
1,explicit_mcast,1,1,128,60,30720,122912,10993888,17315302.50,69840,69840,8380803,0,0,0,0,0,0,2145484800,2145484800,0,67046400,67046400,0,2145484800,67046400,67332497,67050317,67046400,67046400,16761600,0,67046400,8318,67332053,n/a,n/a,n/a,n/a,n/a,360,76755.91,13562165.53,0,n/a
0,implicit_l2_intra,1,1,64,128,32768,131104,10909632,17182551,65520,65520,8386560,0,0,0,0,0,0,2146959360,2146959360,0,67092480,67092480,0,2146959360,67092480,67362767,67097899,67092480,67092480,16773120,0,67092480,10166,67364591,n/a,n/a,n/a,n/a,n/a,336,79627.39,14548712.93,0,n/a
1,explicit_mcast,1,1,64,128,32768,131104,10928864,17212911,65520,65520,8386560,0,0,0,0,0,0,2146959360,2146959360,0,67092480,67092480,0,2146959360,67092480,67361115,67096248,67092480,67092480,16773120,0,67092480,8446,67357403,n/a,n/a,n/a,n/a,n/a,360,75578.69,14290117.35,0,n/a
0,implicit_l2_intra,1,1,128,64,32768,131104,11725824,18468110.20,65520,65520,8386560,0,0,0,0,0,0,2146959360,2146959360,0,67092480,67092480,0,2146959360,67092480,67381431,67104805,67092480,67092480,16773120,0,67092480,9642,67360404,n/a,n/a,n/a,n/a,n/a,336,67065.66,14152613.31,0,n/a
1,explicit_mcast,1,1,128,64,32768,131104,11516480,18138344.10,65520,65520,8386560,0,0,0,0,0,0,2146959360,2146959360,0,67092480,67092480,0,2146959360,67092480,67375549,67102849,67092480,67092480,16773120,0,67092480,9949,67360199,n/a,n/a,n/a,n/a,n/a,360,63825.89,13656348.79,0,n/a
0,implicit_l2_intra,1,1,128,72,36864,147488,11185312,17616817.60,58240,58240,8386572,0,0,0,0,0,0,2146959360,2146959360,0,67092480,67092480,0,2146959360,67092480,67337723,67099076,67092480,67092480,16773120,0,67092480,8045,67341471,n/a,n/a,n/a,n/a,n/a,360,63666.45,13738113.71,0,n/a
1,explicit_mcast,1,1,128,72,36864,147488,11868384,18692659.70,58240,58240,8386568,0,0,0,0,0,0,2146959360,2146959360,0,67092480,67092480,0,2146959360,67092480,67353472,67104694,67092480,67092480,16773120,0,67092480,4351,67341016,n/a,n/a,n/a,n/a,n/a,360,68370.93,14122174.93,0,n/a
0,implicit_l2_intra,1,1,128,80,40960,163872,12034048,18953541,52400,52400,8384035,0,0,0,0,0,0,2146304000,2146304000,0,67072000,67072000,0,2146304000,67072000,67313616,67085463,67072000,67072000,16768000,0,67072000,6614,67286166,n/a,n/a,n/a,n/a,n/a,360,59680.79,14009977.71,0,n/a
1,explicit_mcast,1,1,128,80,40960,163872,10938272,17227702.90,52400,52400,8384034,0,0,0,0,0,0,2146304000,2146304000,0,67072000,67072000,0,2146304000,67072000,67286972,67074922,67072000,67072000,16768000,0,67072000,8017,67288663,n/a,n/a,n/a,n/a,n/a,360,53136.54,12408096.44,0,n/a
0,implicit_l2_intra,1,1,64,192,49152,196640,11582976,18243089.50,43680,43680,8386656,0,0,0,0,0,0,2146959360,2146959360,0,67092480,67092480,0,2146959360,67092480,67288673,67101660,67092480,67092480,16773120,0,67092480,7467,67273889,n/a,n/a,n/a,n/a,n/a,360,50199.46,13311081.41,0,n/a
1,explicit_mcast,1,1,64,192,49152,196640,11069600,17434532.90,43680,43680,8386724,0,0,0,0,0,0,2146959360,2146959360,0,67092480,67092480,0,2146959360,67092480,67273869,67095853,67092480,67092480,16773120,0,67092480,8817,67283852,n/a,n/a,n/a,n/a,n/a,360,42495.71,12928932.80,0,n/a
0,implicit_l2_intra,1,1,128,96,49152,196640,10981248,17295378.60,43680,43680,8386715,0,0,0,0,0,0,2146959360,2146959360,0,67092480,67092480,0,2146959360,67092480,67273229,67095332,67092480,67092480,16773120,0,67092480,12823,67283984,n/a,n/a,n/a,n/a,n/a,360,44393.65,12588375.85,0,n/a
1,explicit_mcast,1,1,128,96,49152,196640,12182752,19187726.50,43680,43680,8386682,0,0,0,0,0,0,2146959360,2146959360,0,67092480,67092480,0,2146959360,67092480,67299681,67105788,67092480,67092480,16773120,0,67092480,12087,67282996,n/a,n/a,n/a,n/a,n/a,360,55861.05,13926700.81,0,n/a
0,implicit_l2_intra,1,1,64,224,57344,229408,12016960,18926648.40,37440,37440,8387558,0,0,0,0,0,0,2146959360,2146959360,0,67092480,67092480,0,2146959360,67092480,67279135,67107205,67092480,67092480,16773120,0,67092480,2313,67262723,n/a,n/a,n/a,n/a,n/a,360,74714.91,13667301.91,0,n/a
1,explicit_mcast,1,1,64,224,57344,229408,11877248,18706614.70,37440,37440,8386906,0,0,0,0,0,0,2146959360,2146959360,0,67092480,67092480,0,2146959360,67092480,67270774,67105317,67092480,67092480,16773120,0,67092480,8460,67248884,n/a,n/a,n/a,n/a,n/a,360,64047.43,13544931.45,0,n/a
0,implicit_l2_intra,1,1,128,112,57344,229408,11466304,18059308.80,37440,37440,8387038,0,0,0,0,0,0,2146959360,2146959360,0,67092480,67092480,0,2146959360,67092480,67261442,67100783,67092480,67092480,16773120,0,67092480,14005,67250576,n/a,n/a,n/a,n/a,n/a,360,62406.16,12991962.19,0,n/a
1,explicit_mcast,1,1,128,112,57344,229408,11701920,18430466.10,37440,37440,8387518,0,0,0,0,0,0,2146959360,2146959360,0,67092480,67092480,0,2146959360,67092480,67266207,67103570,67092480,67092480,16773120,0,67092480,2465,67257853,n/a,n/a,n/a,n/a,n/a,360,63810.21,13472044.81,0,n/a
0,implicit_l2_intra,2,2,32,8,1024,4128,27134368,42736521.10,2097120,2097120,8388480,0,0,0,0,0,0,2147450880,2147450880,0,67107840,67107840,0,2147450880,67107840,65061736,60843779,60817088,60817088,15204272,27263168,33553920,27287558,37775692,n/a,n/a,n/a,n/a,n/a,360,2237767.19,24035136.41,0,n/a
0,implicit_l2_intra,2,2,64,4,1024,4128,27283360,42971223.30,2097120,2097120,8388480,0,0,0,0,0,0,2147450880,2147450880,0,67107840,67107840,0,2147450880,67107840,65070381,60849147,60817088,60817088,15204272,27263168,33553920,27283781,37787791,n/a,n/a,n/a,n/a,n/a,360,2270109.24,24045787.73,0,n/a
0,implicit_l2_intra,2,2,128,4,2048,8224,14332128,22572962.70,1048560,1048560,8388480,0,0,0,0,0,0,2147450880,2147450880,0,67107840,67107840,0,2147450880,67107840,62929429,60826953,60817152,60817152,15204288,27263232,33553920,27267256,35674022,n/a,n/a,n/a,n/a,n/a,360,1248879.60,13340727.21,0,n/a
0,implicit_l2_intra,2,2,32,16,2048,8224,14600768,22996099.30,1048560,1048560,8388480,0,0,0,0,0,0,2147450880,2147450880,0,67107840,67107840,0,2147450880,67107840,62947581,60835799,60818368,60818368,15204592,27264448,33553920,27283206,35672546,n/a,n/a,n/a,n/a,n/a,360,1328841.05,13485687.09,0,n/a
0,implicit_l2_intra,2,2,64,8,2048,8224,14542880,22904957.20,1048560,1048560,8388480,0,0,0,0,0,0,2147450880,2147450880,0,67107840,67107840,0,2147450880,67107840,62945887,60834250,60816768,60816768,15204192,27262848,33553920,27265072,35672321,n/a,n/a,n/a,n/a,n/a,360,1337881.77,13462004.53,0,n/a
0,implicit_l2_intra,2,2,32,32,4096,16416,8373952,13188824.30,524240,524240,8387840,0,0,0,0,0,0,2147287040,2147287040,0,67102720,67102720,0,2147287040,67102720,61889384,60826229,60811840,60811840,15202960,27260480,33551360,27262543,34618282,n/a,n/a,n/a,n/a,n/a,360,853774.89,8393669.06,0,n/a
0,implicit_l2_intra,2,2,64,16,4096,16416,8200960,12916377,524240,524240,8387840,0,0,0,0,0,0,2147287040,2147287040,0,67102720,67102720,0,2147287040,67102720,61868852,60817480,60811840,60811840,15202960,27260480,33551360,27272772,34607858,n/a,n/a,n/a,n/a,n/a,360,845466.99,8107101.31,0,n/a
0,implicit_l2_intra,2,2,128,8,4096,16416,8321088,13105647,524240,524240,8387840,0,0,0,0,0,0,2147287040,2147287040,0,67102720,67102720,0,2147287040,67102720,61889572,60826277,60811840,60811840,15202960,27260480,33551360,27264484,34607914,n/a,n/a,n/a,n/a,n/a,360,847129.11,8198443.94,0,n/a
0,implicit_l2_intra,2,2,32,48,6144,24608,6470432,10190812,349520,349520,8388480,0,0,0,0,0,0,2147450880,2147450880,0,67107840,67107840,0,2147450880,67107840,62184810,60822361,60816384,60816384,15204096,27262464,33553920,27266609,34917790,n/a,n/a,n/a,n/a,n/a,360,702659.64,6688579.30,0,n/a
0,implicit_l2_intra,2,2,64,24,6144,24608,6464992,10182245.90,349520,349520,8388480,0,0,0,0,0,0,2147450880,2147450880,0,67107840,67107840,0,2147450880,67107840,62184526,60821993,60816000,60816000,15204000,27262080,33553920,27264225,34918259,n/a,n/a,n/a,n/a,n/a,360,703516.97,6688169.17,0,n/a
0,implicit_l2_intra,2,2,128,12,6144,24608,6526336,10278850.40,349520,349520,8388480,0,0,0,0,0,0,2147450880,2147450880,0,67107840,67107840,0,2147450880,67107840,62205168,60833324,60819648,60819648,15204912,27265728,33553920,27267817,34928609,n/a,n/a,n/a,n/a,n/a,360,706350.12,6794077.71,0,n/a
0,implicit_l2_intra,2,2,32,64,8192,32800,5758048,9068878,262080,262080,8386560,0,0,0,0,0,0,2146959360,2146959360,0,67092480,67092480,0,2146959360,67092480,61878949,60815700,60802560,60802560,15200640,27256320,33546240,27260476,34613638,n/a,n/a,n/a,n/a,n/a,360,530103.56,6345298.31,0,n/a
0,implicit_l2_intra,2,2,64,32,8192,32800,5774944,9095469.60,262080,262080,8386560,0,0,0,0,0,0,2146959360,2146959360,0,67092480,67092480,0,2146959360,67092480,61878804,60815655,60802560,60802560,15200640,27256320,33546240,27258392,34608687,n/a,n/a,n/a,n/a,n/a,360,525961.15,6420319.74,0,n/a
0,implicit_l2_intra,2,2,128,16,8192,32800,5777088,9098801.40,262080,262080,8386560,0,0,0,0,0,0,2146959360,2146959360,0,67092480,67092480,0,2146959360,67092480,61879279,60815807,60802560,60802560,15200640,27256320,33546240,27265266,34613568,n/a,n/a,n/a,n/a,n/a,360,521593.30,6409870.58,0,n/a
0,implicit_l2_intra,2,2,32,80,10240,40992,5584512,8795525.60,209680,209680,8387200,0,0,0,0,0,0,2147123200,2147123200,0,67097600,67097600,0,2147123200,67097600,61664266,60817096,60807872,60807872,15201968,27259072,33548800,27261172,34392168,n/a,n/a,n/a,n/a,n/a,360,506765.05,6487247.04,0,n/a
0,implicit_l2_intra,2,2,64,40,10240,40992,5482080,8634170.40,209680,209680,8387200,0,0,0,0,0,0,2147123200,2147123200,0,67097600,67097600,0,2147123200,67097600,61652021,60810534,60806216,60806216,15201554,27257408,33548800,27259569,34394206,n/a,n/a,n/a,n/a,n/a,360,487444.79,6425084.11,0,n/a
0,implicit_l2_intra,2,2,128,20,10240,40992,5513120,8683130.90,209680,209680,8387200,0,0,0,0,0,0,2147123200,2147123200,0,67097600,67097600,0,2147123200,67097600,61657481,60813327,60807872,60807872,15201968,27259072,33548800,27263282,34394215,n/a,n/a,n/a,n/a,n/a,360,496055.45,6444251.72,0,n/a
0,implicit_l2_intra,2,2,32,96,12288,49184,5477280,8626689.60,174720,174720,8386560,0,0,0,0,0,0,2146959360,2146959360,0,67092480,67092480,0,2146959360,67092480,61512433,60808082,60802560,60802560,15200640,27256320,33546240,27267203,34251639,n/a,n/a,n/a,n/a,n/a,360,433736.10,6704691.76,0,n/a
0,implicit_l2_intra,2,2,64,48,12288,49184,5437920,8564646.80,174720,174720,8386560,0,0,0,0,0,0,2146959360,2146959360,0,67092480,67092480,0,2146959360,67092480,61508516,60806880,60802560,60802560,15200640,27256320,33546240,27267139,34249766,n/a,n/a,n/a,n/a,n/a,360,437221.30,6633901.05,0,n/a
0,implicit_l2_intra,2,2,128,24,12288,49184,5471904,8618208.90,174720,174720,8386560,0,0,0,0,0,0,2146959360,2146959360,0,67092480,67092480,0,2146959360,67092480,61508133,60806605,60802560,60802560,15200640,27256320,33546240,27260574,34258836,n/a,n/a,n/a,n/a,n/a,360,435520.24,6654505.80,0,n/a
0,implicit_l2_intra,2,2,32,112,14336,57376,5578464,8785971.60,149760,149760,8386560,0,0,0,0,0,0,2146959360,2146959360,0,67092480,67092480,0,2146959360,67092480,61419627,60811699,60804864,60804864,15201216,27258624,33546240,27269856,34155782,n/a,n/a,n/a,n/a,n/a,360,390630.03,6968857.05,0,n/a
0,implicit_l2_intra,2,2,64,56,14336,57376,5692768,8966073.20,149760,149760,8386560,0,0,0,0,0,0,2146959360,2146959360,0,67092480,67092480,0,2146959360,67092480,61431415,60817315,60804268,60804268,15201067,27257856,33546240,27260081,34163742,n/a,n/a,n/a,n/a,n/a,360,389864.76,7108984.99,0,n/a
0,implicit_l2_intra,2,2,128,28,14336,57376,5669184,8928899.90,149760,149760,8386560,0,0,0,0,0,0,2146959360,2146959360,0,67092480,67092480,0,2146959360,67092480,61430006,60815895,60802968,60802968,15200742,27256576,33546240,27269477,34161695,n/a,n/a,n/a,n/a,n/a,360,390182.06,7093770.60,0,n/a
0,implicit_l2_intra,2,2,32,128,16384,65568,5474144,8621657.50,131040,131040,8386560,0,0,0,0,0,0,2146959360,2146959360,0,67092480,67092480,0,2146959360,67092480,61333787,60806860,60802560,60802560,15200640,27256320,33546240,27260476,34074628,n/a,n/a,n/a,n/a,n/a,360,334679.60,7039560.71,0,n/a
0,implicit_l2_intra,2,2,64,64,16384,65568,5466176,8609134.30,131040,131040,8386560,0,0,0,0,0,0,2146959360,2146959360,0,67092480,67092480,0,2146959360,67092480,61333980,60806923,60802560,60802560,15200640,27256320,33546240,27260550,34074799,n/a,n/a,n/a,n/a,n/a,360,331428.74,7037441.72,0,n/a
0,implicit_l2_intra,2,2,128,32,16384,65568,5674944,8937934,131040,131040,8386560,0,0,0,0,0,0,2146959360,2146959360,0,67092480,67092480,0,2146959360,67092480,61344912,60809263,60802560,60802560,15200640,27256320,33546240,27260698,34076188,n/a,n/a,n/a,n/a,n/a,360,342114.39,7266556.76,0,n/a
0,implicit_l2_intra,2,2,32,160,20480,81952,5519872,8693648.10,104800,104800,8384000,0,0,0,0,0,0,2146304000,2146304000,0,67072000,67072000,0,2146304000,67072000,61217363,60791367,60784408,60784408,15196102,27248000,33536000,27252403,33972361,n/a,n/a,n/a,n/a,n/a,360,285752.34,7245956.71,0,n/a
0,implicit_l2_intra,2,2,64,80,20480,81952,5738560,9038163.70,104800,104800,8384000,0,0,0,0,0,0,2146304000,2146304000,0,67072000,67072000,0,2146304000,67072000,61231152,60796958,60784188,60784188,15196047,27248000,33536000,27252338,33968233,n/a,n/a,n/a,n/a,n/a,360,287239.64,7442841.38,0,n/a
0,implicit_l2_intra,2,2,128,40,20480,81952,5427264,8547873.30,104800,104800,8384000,0,0,0,0,0,0,2146304000,2146304000,0,67072000,67072000,0,2146304000,67072000,61209497,60787419,60784000,60784000,15196000,27248000,33536000,27249588,33959309,n/a,n/a,n/a,n/a,n/a,360,293797.78,7086502.25,0,n/a
0,implicit_l2_intra,2,2,32,176,22528,90144,5525728,8703011,95280,95280,8384640,0,0,0,0,0,0,2146467840,2146467840,0,67077120,67077120,0,2146467840,67077120,61179614,60792793,60788080,60788080,15197020,27249472,33538560,27251861,33923297,n/a,n/a,n/a,n/a,n/a,360,266509.94,7238666.30,0,n/a
0,implicit_l2_intra,2,2,64,88,22528,90144,5842976,9202611.60,95280,95280,8384640,0,0,0,0,0,0,2146467840,2146467840,0,67077120,67077120,0,2146467840,67077120,61199192,60800346,60786768,60786768,15196692,27248192,33538560,27250419,33933171,n/a,n/a,n/a,n/a,n/a,360,265635.38,7591631.59,0,n/a
0,implicit_l2_intra,2,2,128,44,22528,90144,5444352,8574772.70,95280,95280,8384640,0,0,0,0,0,0,2146467840,2146467840,0,67077120,67077120,0,2146467840,67077120,61177197,60793297,60789580,60789580,15197395,27251008,33538560,27255200,33923733,n/a,n/a,n/a,n/a,n/a,360,269529.78,7148882.86,0,n/a
0,implicit_l2_intra,2,2,64,96,24576,98336,5563232,8762044.10,87360,87360,8386560,0,0,0,0,0,0,2146959360,2146959360,0,67092480,67092480,0,2146959360,67092480,61165761,60808957,60802992,60802992,15200748,27256320,33546240,27260749,33906872,n/a,n/a,n/a,n/a,n/a,360,239032.54,7351063.50,0,n/a
0,implicit_l2_intra,2,2,128,48,24576,98336,4206368,6624993.40,87360,87360,8386560,0,0,0,0,0,0,2146959360,2146959360,0,67092480,67092480,0,2146959360,67092480,61165682,60809152,60803828,60803828,15200957,27256320,33546240,27260651,33901428,n/a,n/a,n/a,n/a,n/a,360,235220.31,5453675.58,0,n/a
0,implicit_l2_intra,2,2,128,52,26624,106528,5662592,8918486,80640,80640,8386560,0,0,0,0,0,0,2146959360,2146959360,0,67092480,67092480,0,2146959360,67092480,61144808,60812645,60804484,60804484,15201121,27257344,33546240,27259435,33876907,n/a,n/a,n/a,n/a,n/a,360,211725.80,7381177.67,0,n/a
0,implicit_l2_intra,2,2,128,56,28672,114720,5657280,8910148.90,74880,74880,8386560,0,0,0,0,0,0,2146959360,2146959360,0,67092480,67092480,0,2146959360,67092480,61120244,60809290,60803144,60803144,15200786,27256320,33546240,27266745,33850766,n/a,n/a,n/a,n/a,n/a,360,176459.04,7355528.21,0,n/a
0,implicit_l2_intra,2,2,128,60,30720,122912,5702592,8981514.30,69840,69840,8380800,0,0,0,0,0,0,2145484800,2145484800,0,67046400,67046400,0,2145484800,67046400,61060737,60771135,60761196,60761196,15190299,27236800,33523200,27245084,33808682,n/a,n/a,n/a,n/a,n/a,360,145967.44,7376191.72,0,n/a
0,implicit_l2_intra,2,2,64,128,32768,131104,5463072,8604207.80,65520,65520,8386560,0,0,0,0,0,0,2146959360,2146959360,0,67092480,67092480,0,2146959360,67092480,61073888,60808951,60806376,60806376,15201594,27258760,33546240,27260971,33811081,n/a,n/a,n/a,n/a,n/a,360,121950.74,7052990.96,0,n/a
0,implicit_l2_intra,2,2,128,64,32768,131104,5524672,8701258.50,65520,65520,8386560,0,0,0,0,0,0,2146959360,2146959360,0,67092480,67092480,0,2146959360,67092480,61081988,60814561,60810344,60810344,15202586,27258348,33546240,27260619,33811303,n/a,n/a,n/a,n/a,n/a,360,116704.39,7116458.58,0,n/a
0,implicit_l2_intra,2,2,128,72,36864,147488,5760224,9072304.50,58240,58240,8386560,0,0,0,0,0,0,2146959360,2146959360,0,67092480,67092480,0,2146959360,67092480,61057301,60812709,60802776,60802776,15200694,27256320,33546240,27258625,33789171,n/a,n/a,n/a,n/a,n/a,360,93671.44,7258672.60,0,n/a
0,implicit_l2_intra,2,2,128,80,40960,163872,5887360,9272534,52400,52400,8384001,0,0,0,0,0,0,2146304000,2146304000,0,67072000,67072000,0,2146304000,67072000,61022796,60801868,60791764,60791764,15197941,27248000,33536000,27252339,33760080,n/a,n/a,n/a,n/a,n/a,360,85055.93,7426884.84,0,n/a
0,implicit_l2_intra,2,2,64,192,49152,196640,5493024,8651448.30,43680,43680,8386579,0,0,0,0,0,0,2146959360,2146959360,0,67092480,67092480,0,2146959360,67092480,60983443,60805791,60803164,60803164,15200791,27256368,33546240,27260943,33723946,n/a,n/a,n/a,n/a,n/a,360,64710.41,6780495.01,0,n/a
0,implicit_l2_intra,2,2,128,96,49152,196640,5911360,9310266.70,43680,43680,8386572,0,0,0,0,0,0,2146959360,2146959360,0,67092480,67092480,0,2146959360,67092480,60998671,60814466,60805412,60805412,15201353,27256332,33546240,27258604,33732748,n/a,n/a,n/a,n/a,n/a,360,64409.88,7304074.03,0,n/a
0,implicit_l2_intra,2,2,64,224,57344,229408,5530272,8710054.50,37440,37440,8386862,0,0,0,0,0,0,2146959360,2146959360,0,67092480,67092480,0,2146959360,67092480,60961108,60808205,60805540,60805540,15201385,27256432,33546240,27260902,33701245,n/a,n/a,n/a,n/a,n/a,360,62984.38,6795980.35,0,n/a
0,implicit_l2_intra,2,2,128,112,57344,229408,5657760,8910891.70,37440,37440,8386937,0,0,0,0,0,0,2146959360,2146959360,0,67092480,67092480,0,2146959360,67092480,60965896,60809054,60804488,60804488,15201122,27256460,33546240,27258717,33708333,n/a,n/a,n/a,n/a,n/a,360,63389.07,6957997.17,0,n/a
0,implicit_l2_intra,4,4,32,8,1024,4128,53336352,84004649.70,2097120,2097120,8388480,0,0,0,0,0,0,2147450880,2147450880,0,67107840,67107840,0,2147450880,67107840,61974198,57729102,57668208,57668208,14417052,40891248,16776960,40922803,21036096,n/a,n/a,n/a,n/a,n/a,360,2214857.31,23711380.34,0,n/a
0,implicit_l2_intra,4,4,64,4,1024,4128,53264800,83891958.40,2097120,2097120,8388480,0,0,0,0,0,0,2147450880,2147450880,0,67107840,67107840,0,2147450880,67107840,61962386,57724821,57669216,57669216,14417304,40892256,16776960,40927671,21047290,n/a,n/a,n/a,n/a,n/a,360,2227051.71,23687748.25,0,n/a
0,implicit_l2_intra,4,4,128,4,2048,8224,27109216,42696971.80,1048560,1048560,8388480,0,0,0,0,0,0,2147450880,2147450880,0,67107840,67107840,0,2147450880,67107840,59804810,57692906,57669216,57669216,14417304,40892256,16776960,40911018,18901718,n/a,n/a,n/a,n/a,n/a,360,1017410.47,12403838.29,0,n/a
0,implicit_l2_intra,4,4,32,16,2048,8224,27260160,42934653.30,1048560,1048560,8388480,0,0,0,0,0,0,2147450880,2147450880,0,67107840,67107840,0,2147450880,67107840,59809340,57697433,57673536,57673536,14418384,40896576,16776960,40915290,18901693,n/a,n/a,n/a,n/a,n/a,360,1151103.19,12386299.64,0,n/a
0,implicit_l2_intra,4,4,64,8,2048,8224,26877184,42331461.60,1048560,1048560,8388480,0,0,0,0,0,0,2147450880,2147450880,0,67107840,67107840,0,2147450880,67107840,59806012,57694118,57670656,57670656,14417664,40893696,16776960,40914441,18903603,n/a,n/a,n/a,n/a,n/a,360,989026.54,12314543.10,0,n/a
0,implicit_l2_intra,4,4,32,32,4096,16416,14372416,22636460.50,524240,524240,8387840,0,0,0,0,0,0,2147287040,2147287040,0,67102720,67102720,0,2147287040,67102720,58744178,57681944,57665344,57665344,14416336,40889664,16775680,40908350,17847280,n/a,n/a,n/a,n/a,n/a,360,645537.96,6874416.29,0,n/a
0,implicit_l2_intra,4,4,64,16,4096,16416,14224000,22402717.10,524240,524240,8387840,0,0,0,0,0,0,2147287040,2147287040,0,67102720,67102720,0,2147287040,67102720,58746522,57683255,57665728,57665728,14416432,40890048,16775680,40894003,17845369,n/a,n/a,n/a,n/a,n/a,360,599813.26,6773290.19,0,n/a
0,implicit_l2_intra,4,4,128,8,4096,16416,14098784,22205515.70,524240,524240,8387840,0,0,0,0,0,0,2147287040,2147287040,0,67102720,67102720,0,2147287040,67102720,58747462,57684098,57666880,57666880,14416720,40891200,16775680,40911946,17845369,n/a,n/a,n/a,n/a,n/a,360,611286.84,6799909.75,0,n/a
0,implicit_l2_intra,4,4,32,48,6144,24608,9886112,15570525.10,349520,349520,8388480,0,0,0,0,0,0,2147450880,2147450880,0,67107840,67107840,0,2147450880,67107840,59071313,57688734,57672768,57672768,14418192,40895808,16776960,40899847,18161530,n/a,n/a,n/a,n/a,n/a,360,556763.40,4965475.64,0,n/a
0,implicit_l2_intra,4,4,64,24,6144,24608,10314752,16245624.90,349520,349520,8388480,0,0,0,0,0,0,2147450880,2147450880,0,67107840,67107840,0,2147450880,67107840,59054138,57673698,57658272,57658272,14414568,40881312,16776960,40885251,18157849,n/a,n/a,n/a,n/a,n/a,360,559251.39,5353894.03,0,n/a
0,implicit_l2_intra,4,4,128,12,6144,24608,9707040,15288556.10,349520,349520,8388480,0,0,0,0,0,0,2147450880,2147450880,0,67107840,67107840,0,2147450880,67107840,59049216,57680612,57674112,57674112,14418528,40897152,16776960,40917845,18151292,n/a,n/a,n/a,n/a,n/a,360,545407.72,4822621.58,0,n/a
0,implicit_l2_intra,4,4,32,64,8192,32800,8085696,12734856.80,262080,262080,8386560,0,0,0,0,0,0,2146959360,2146959360,0,67092480,67092480,0,2146959360,67092480,58747161,57675214,57657600,57657600,14414400,40884480,16773120,40886723,17844963,n/a,n/a,n/a,n/a,n/a,360,384623.91,4327512.01,0,n/a
0,implicit_l2_intra,4,4,64,32,8192,32800,8052384,12682446.30,262080,262080,8386560,0,0,0,0,0,0,2146959360,2146959360,0,67092480,67092480,0,2146959360,67092480,58744156,57675280,57657600,57657600,14414400,40884480,16773120,40886614,17828919,n/a,n/a,n/a,n/a,n/a,360,394985.65,4387001.03,0,n/a
0,implicit_l2_intra,4,4,128,16,8192,32800,7898496,12439998.50,262080,262080,8386560,0,0,0,0,0,0,2146959360,2146959360,0,67092480,67092480,0,2146959360,67092480,58714145,57663093,57657600,57657600,14414400,40884480,16773120,40888575,17841407,n/a,n/a,n/a,n/a,n/a,360,399099.42,4150717.11,0,n/a
0,implicit_l2_intra,4,4,32,80,10240,40992,6440320,10143432.10,209680,209680,8387200,0,0,0,0,0,0,2147123200,2147123200,0,67097600,67097600,0,2147123200,67097600,58508220,57666577,57661728,57661728,14415432,40887072,16774400,40901811,17618430,n/a,n/a,n/a,n/a,n/a,360,366000.56,3483492.42,0,n/a
0,implicit_l2_intra,4,4,64,40,10240,40992,6852928,10793291.20,209680,209680,8387200,0,0,0,0,0,0,2147123200,2147123200,0,67097600,67097600,0,2147123200,67097600,58511316,57669874,57664832,57664832,14416208,40890432,16774400,40892595,17620294,n/a,n/a,n/a,n/a,n/a,360,390004.14,3802270.14,0,n/a
0,implicit_l2_intra,4,4,128,20,10240,40992,6842176,10776330.90,209680,209680,8387200,0,0,0,0,0,0,2147123200,2147123200,0,67097600,67097600,0,2147123200,67097600,58506204,57664725,57659744,57659744,14414936,40885344,16774400,40895834,17618390,n/a,n/a,n/a,n/a,n/a,360,391008.05,3790965.85,0,n/a
0,implicit_l2_intra,4,4,32,96,12288,49184,6050752,9529820.90,174720,174720,8386560,0,0,0,0,0,0,2146959360,2146959360,0,67092480,67092480,0,2146959360,67092480,58367939,57666404,57661824,57661824,14415456,40888704,16773120,40892628,17478843,n/a,n/a,n/a,n/a,n/a,360,358474.91,3455349.60,0,n/a
0,implicit_l2_intra,4,4,64,48,12288,49184,5963488,9392381.90,174720,174720,8386560,0,0,0,0,0,0,2146959360,2146959360,0,67092480,67092480,0,2146959360,67092480,58361989,57660311,57655680,57655680,14413920,40882560,16773120,40886717,17478902,n/a,n/a,n/a,n/a,n/a,360,361902.94,3416347.67,0,n/a
0,implicit_l2_intra,4,4,128,24,12288,49184,6036896,9508003.70,174720,174720,8386560,0,0,0,0,0,0,2146959360,2146959360,0,67092480,67092480,0,2146959360,67092480,58362365,57660720,57656112,57656112,14414028,40882560,16773120,40886440,17478894,n/a,n/a,n/a,n/a,n/a,360,355338.97,3425547.15,0,n/a
0,implicit_l2_intra,4,4,32,112,14336,57376,5451776,8586429.90,149760,149760,8386560,0,0,0,0,0,0,2146959360,2146959360,0,67092480,67092480,0,2146959360,67092480,58274009,57665848,57657984,57657984,14414496,40884864,16773120,40888947,17378839,n/a,n/a,n/a,n/a,n/a,360,343185.06,3210122.14,0,n/a
0,implicit_l2_intra,4,4,64,56,14336,57376,5538496,8723034,149760,149760,8386560,0,0,0,0,0,0,2146959360,2146959360,0,67092480,67092480,0,2146959360,67092480,58283971,57669843,57656640,57656640,14414160,40883520,16773120,40894221,17390978,n/a,n/a,n/a,n/a,n/a,360,339558.99,3266983.04,0,n/a
0,implicit_l2_intra,4,4,128,28,14336,57376,5460096,8599606.40,149760,149760,8386560,0,0,0,0,0,0,2146959360,2146959360,0,67092480,67092480,0,2146959360,67092480,58286835,57673095,57659928,57659928,14414982,40886688,16773120,40888835,17391095,n/a,n/a,n/a,n/a,n/a,360,311767.72,3168004.21,0,n/a
0,implicit_l2_intra,4,4,32,128,16384,65568,4926464,7759109.30,131040,131040,8386560,0,0,0,0,0,0,2146959360,2146959360,0,67092480,67092480,0,2146959360,67092480,58192466,57662872,57657632,57657632,14414408,40884480,16773120,40896936,17301602,n/a,n/a,n/a,n/a,n/a,360,241858.61,2952099.49,0,n/a
0,implicit_l2_intra,4,4,64,64,16384,65568,4843680,7628692.90,131040,131040,8386560,0,0,0,0,0,0,2146959360,2146959360,0,67092480,67092480,0,2146959360,67092480,58186541,57661055,57657600,57657600,14414400,40884480,16773120,40886455,17301515,n/a,n/a,n/a,n/a,n/a,360,221776.74,2863189.23,0,n/a
0,implicit_l2_intra,4,4,128,32,16384,65568,4934688,7772052.80,131040,131040,8386560,0,0,0,0,0,0,2146959360,2146959360,0,67092480,67092480,0,2146959360,67092480,58188572,57661678,57657600,57657600,14414400,40884480,16773120,40886535,17303555,n/a,n/a,n/a,n/a,n/a,360,270751.55,2919177.55,0,n/a
0,implicit_l2_intra,4,4,32,160,20480,81952,4489120,7070287,104800,104800,8384000,0,0,0,0,0,0,2146304000,2146304000,0,67072000,67072000,0,2146304000,67072000,58065736,57643790,57639904,57639904,14409976,40871428,16768000,40873521,17193326,n/a,n/a,n/a,n/a,n/a,360,255582.19,2789195.91,0,n/a
0,implicit_l2_intra,4,4,64,80,20480,81952,4493760,7077631,104800,104800,8384000,0,0,0,0,0,0,2146304000,2146304000,0,67072000,67072000,0,2146304000,67072000,58066450,57644511,57640668,57640668,14410167,40872144,16768000,40874200,17191060,n/a,n/a,n/a,n/a,n/a,360,259350.54,2756101.23,0,n/a
0,implicit_l2_intra,4,4,128,40,20480,81952,4566208,7191650.70,104800,104800,8384000,0,0,0,0,0,0,2146304000,2146304000,0,67072000,67072000,0,2146304000,67072000,58084138,57649948,57638792,57638792,14409698,40870464,16768000,40874493,17193372,n/a,n/a,n/a,n/a,n/a,360,270988.72,2806331.25,0,n/a
0,implicit_l2_intra,4,4,32,176,22528,90144,4332096,6823033.40,95280,95280,8384640,0,0,0,0,0,0,2146467840,2146467840,0,67077120,67077120,0,2146467840,67077120,58032937,57646446,57641384,57641384,14410346,40872416,16769280,40876352,17156468,n/a,n/a,n/a,n/a,n/a,360,261417.23,2641227.09,0,n/a
0,implicit_l2_intra,4,4,64,88,22528,90144,4269344,6724067.40,95280,95280,8384640,0,0,0,0,0,0,2146467840,2146467840,0,67077120,67077120,0,2146467840,67077120,58031331,57647297,57643488,57643488,14410872,40874208,16769280,40883671,17154453,n/a,n/a,n/a,n/a,n/a,360,258400.88,2603594.20,0,n/a
0,implicit_l2_intra,4,4,128,44,22528,90144,4407296,6941386.60,95280,95280,8384640,0,0,0,0,0,0,2146467840,2146467840,0,67077120,67077120,0,2146467840,67077120,58049643,57654326,57646292,57646292,14411573,40877000,16769280,40880788,17154520,n/a,n/a,n/a,n/a,n/a,360,259486.31,2695511.76,0,n/a
0,implicit_l2_intra,4,4,64,96,24576,98336,4181184,6585254.50,87360,87360,8386560,0,0,0,0,0,0,2146959360,2146959360,0,67092480,67092480,0,2146959360,67092480,58063283,57698741,57686192,57686192,14421548,40884480,16773120,40888718,17139167,n/a,n/a,n/a,n/a,n/a,360,232593.95,2591540.30,0,n/a
0,implicit_l2_intra,4,4,128,48,24576,98336,4070400,6410761.90,87360,87360,8386560,0,0,0,0,0,0,2146959360,2146959360,0,67092480,67092480,0,2146959360,67092480,58042522,57690178,57686560,57686560,14421640,40884480,16773120,40888393,17128446,n/a,n/a,n/a,n/a,n/a,360,227080.94,2561879.75,0,n/a
0,implicit_l2_intra,4,4,128,52,26624,106528,3952704,6225499.30,80640,80640,8386560,0,0,0,0,0,0,2146959360,2146959360,0,67092480,67092480,0,2146959360,67092480,57987614,57662144,57658472,57658472,14414618,40927200,16773120,40938122,17110354,n/a,n/a,n/a,n/a,n/a,360,228408.30,2441327.12,0,n/a
0,implicit_l2_intra,4,4,128,56,28672,114720,3950240,6221514.20,74880,74880,8386560,0,0,0,0,0,0,2146959360,2146959360,0,67092480,67092480,0,2146959360,67092480,57989022,57674121,57662836,57662836,14415709,40889680,16773120,40893668,17078449,n/a,n/a,n/a,n/a,n/a,360,214700.94,2438514.14,0,n/a
0,implicit_l2_intra,4,4,128,60,30720,122912,3819360,6015434.30,69840,69840,8380800,0,0,0,0,0,0,2145484800,2145484800,0,67046400,67046400,0,2145484800,67046400,57924635,57630447,57618320,57618320,14404580,40856660,16761600,40860757,17051800,n/a,n/a,n/a,n/a,n/a,360,201161.55,2396649.38,0,n/a
0,implicit_l2_intra,4,4,64,128,32768,131104,3714080,5849610.10,65520,65520,8386560,0,0,0,0,0,0,2146959360,2146959360,0,67092480,67092480,0,2146959360,67092480,58070839,57798812,57788232,57788232,14447058,41006896,16773120,41011104,17038913,n/a,n/a,n/a,n/a,n/a,360,145207.16,2572134.46,0,n/a
0,implicit_l2_intra,4,4,128,64,32768,131104,3736128,5884325.90,65520,65520,8386560,0,0,0,0,0,0,2146959360,2146959360,0,67092480,67092480,0,2146959360,67092480,58037115,57760703,57748516,57748516,14437129,40973632,16773120,40977796,17047277,n/a,n/a,n/a,n/a,n/a,360,161773.33,2549444.49,0,n/a
0,implicit_l2_intra,4,4,128,72,36864,147488,3146496,4955667.30,58240,58240,8386560,0,0,0,0,0,0,2146959360,2146959360,0,67092480,67092480,0,2146959360,67092480,57897285,57661410,57658232,57658232,14414558,40884688,16773120,40888779,17023668,n/a,n/a,n/a,n/a,n/a,360,168004.06,1930427.24,0,n/a
0,implicit_l2_intra,4,4,128,80,40960,163872,3427328,5397988.60,52400,52400,8384000,0,0,0,0,0,0,2146304000,2146304000,0,67072000,67072000,0,2146304000,67072000,57856164,57643634,57640312,57640312,14410078,40872164,16768000,40884852,16981119,n/a,n/a,n/a,n/a,n/a,360,153406.16,2336876.94,0,n/a
0,implicit_l2_intra,4,4,64,192,49152,196640,2882560,4539899.10,43680,43680,8388614,0,0,0,0,0,0,2146959360,2146959360,0,67092480,67092480,0,2146959360,67092480,57877570,57670189,57658260,57658260,14414565,40884720,16773120,40888752,16972462,n/a,n/a,n/a,n/a,n/a,360,128561.36,1860274.01,0,n/a
0,implicit_l2_intra,4,4,128,96,49152,196640,3244640,5110324,43680,43680,8387432,0,0,0,0,0,0,2146959360,2146959360,0,67092480,67092480,0,2146959360,67092480,57848882,57661265,57658456,57658456,14414614,40884896,16773120,40892658,16971637,n/a,n/a,n/a,n/a,n/a,360,123046.36,2310074.66,0,n/a
0,implicit_l2_intra,4,4,64,224,57344,229408,2805824,4419075.60,37440,37440,8387740,0,0,0,0,0,0,2146959360,2146959360,0,67092480,67092480,0,2146959360,67092480,57966023,57783805,57772128,57772128,14443032,40884488,16773120,40886690,16951306,n/a,n/a,n/a,n/a,n/a,360,115447.82,1842496.14,0,n/a
0,implicit_l2_intra,4,4,128,112,57344,229408,3277152,5161401.80,37440,37440,8387315,0,0,0,0,0,0,2146959360,2146959360,0,67092480,67092480,0,2146959360,67092480,57832677,57662681,57658368,57658368,14414592,40884740,16773120,40889140,16944077,n/a,n/a,n/a,n/a,n/a,360,107605.50,2397924.46,0,n/a
1,explicit_mcast,2,2,32,8,1024,4128,27387808,43135737.70,2097120,2097120,8388480,8388480,0,0,0,8388480,0,2147450880,0,2147450880,67107840,0,67107840,2147450880,67107840,35693187,33578645,33553920,33553920,8388480,0,33553920,12284,35692549,n/a,n/a,n/a,n/a,n/a,360,3932890.69,24419712.55,0,n/a
1,explicit_mcast,2,2,64,4,1024,4128,27356512,43086448.60,2097120,2097120,8388480,8388480,0,0,0,8388480,0,2147450880,0,2147450880,67107840,0,67107840,2147450880,67107840,35689838,33577828,33553920,33553920,8388480,0,33553920,18746,35690535,n/a,n/a,n/a,n/a,n/a,360,3907681.94,24404818.99,0,n/a
1,explicit_mcast,2,2,128,4,2048,8224,14763552,23252538.90,1048560,1048560,8388480,8388480,0,0,0,8388480,0,2147450880,0,2147450880,67107840,0,67107840,2147450880,67107840,34638287,33572421,33553920,33553920,8388480,0,33553920,2149,34611512,n/a,n/a,n/a,n/a,n/a,360,2187351.41,13649772.39,0,n/a
1,explicit_mcast,2,2,32,16,2048,8224,14908672,23481093.30,1048560,1048560,8388480,8388480,0,0,0,8388480,0,2147450880,0,2147450880,67107840,0,67107840,2147450880,67107840,34655428,33579965,33553920,33553920,8388480,0,33553920,10511,34611477,n/a,n/a,n/a,n/a,n/a,360,2265588.06,13773998.62,0,n/a
1,explicit_mcast,2,2,64,8,2048,8224,14707840,23164767.20,1048560,1048560,8388480,8388480,0,0,0,8388480,0,2147450880,0,2147450880,67107840,0,67107840,2147450880,67107840,34626145,33567066,33553920,33553920,8388480,0,33553920,10388,34625580,n/a,n/a,n/a,n/a,n/a,360,2175809.02,13608013.84,0,n/a
1,explicit_mcast,2,2,32,32,4096,16416,8313920,13094383.20,524240,524240,8387840,8387840,0,0,0,8387840,0,2147287040,0,2147287040,67102720,0,67102720,2147287040,67102720,34084073,33557106,33551360,33551360,8387840,0,33551360,7727,34083566,n/a,n/a,n/a,n/a,n/a,360,1209077.59,8255643.47,0,n/a
1,explicit_mcast,2,2,64,16,4096,16416,8462752,13328772.60,524240,524240,8387840,8387840,0,0,0,8387840,0,2147287040,0,2147287040,67102720,0,67102720,2147287040,67102720,34116393,33569555,33551360,33551360,8387840,0,33551360,4012,34083576,n/a,n/a,n/a,n/a,n/a,360,1241497.99,8433928.97,0,n/a
1,explicit_mcast,2,2,128,8,4096,16416,8450304,13309160.80,524240,524240,8387840,8387840,0,0,0,8387840,0,2147287040,0,2147287040,67102720,0,67102720,2147287040,67102720,34116548,33569710,33551360,33551360,8387840,0,33551360,2135,34081405,n/a,n/a,n/a,n/a,n/a,360,1238923.19,8422311.12,0,n/a
1,explicit_mcast,2,2,32,48,6144,24608,6498848,10235547.70,349520,349520,8388480,8388480,0,0,0,8388480,0,2147450880,0,2147450880,67107840,0,67107840,2147450880,67107840,34240022,33558730,33553920,33553920,8388480,0,33553920,2249,34239588,n/a,n/a,n/a,n/a,n/a,360,938269.54,6689684.28,0,n/a
1,explicit_mcast,2,2,64,24,6144,24608,6645408,10466425.20,349520,349520,8388480,8388480,0,0,0,8388480,0,2147450880,0,2147450880,67107840,0,67107840,2147450880,67107840,34273637,33573551,33553920,33553920,8388480,0,33553920,4011,34251316,n/a,n/a,n/a,n/a,n/a,360,965442.22,6884519.44,0,n/a
1,explicit_mcast,2,2,128,12,6144,24608,6515584,10261927.30,349520,349520,8388480,8388480,0,0,0,8388480,0,2147450880,0,2147450880,67107840,0,67107840,2147450880,67107840,34243804,33559872,33553920,33553920,8388480,0,33553920,10389,34237481,n/a,n/a,n/a,n/a,n/a,360,946019.26,6716060.26,0,n/a
1,explicit_mcast,2,2,32,64,8192,32800,5725120,9016993.70,262080,262080,8386560,8386560,0,0,0,8386560,0,2146959360,0,2146959360,67092480,0,67092480,2146959360,67092480,34098262,33559325,33546240,33546240,8386560,0,33546240,4164,34087290,n/a,n/a,n/a,n/a,n/a,360,753808.99,6340679.61,0,n/a
1,explicit_mcast,2,2,64,32,8192,32800,5614240,8842364.70,262080,262080,8386560,8386560,0,0,0,8386560,0,2146959360,0,2146959360,67092480,0,67092480,2146959360,67092480,34077439,33550584,33546240,33546240,8386560,0,33546240,3870,34089158,n/a,n/a,n/a,n/a,n/a,360,731369.32,6177514.26,0,n/a
1,explicit_mcast,2,2,128,16,8192,32800,5803136,9139849,262080,262080,8386560,8386560,0,0,0,8386560,0,2146959360,0,2146959360,67092480,0,67092480,2146959360,67092480,34098517,33559333,33546240,33546240,8386560,0,33546240,4144,34076797,n/a,n/a,n/a,n/a,n/a,360,765464.81,6441163.44,0,n/a
1,explicit_mcast,2,2,32,80,10240,40992,5680576,8946832,209680,209680,8387200,8387200,0,0,0,8387200,0,2147123200,0,2147123200,67097600,0,67097600,2147123200,67097600,33999977,33562975,33548800,33548800,8387200,0,33548800,12756,33986863,n/a,n/a,n/a,n/a,n/a,360,700111.22,6621046.65,0,n/a
1,explicit_mcast,2,2,64,40,10240,40992,5637728,8879374.40,209680,209680,8387200,8387200,0,0,0,8387200,0,2147123200,0,2147123200,67097600,0,67097600,2147123200,67097600,33996146,33561861,33548800,33548800,8387200,0,33548800,2141,33972697,n/a,n/a,n/a,n/a,n/a,360,691275.24,6571943.97,0,n/a
1,explicit_mcast,2,2,128,20,10240,40992,5478016,8627809.30,209680,209680,8387200,8387200,0,0,0,8387200,0,2147123200,0,2147123200,67097600,0,67097600,2147123200,67097600,33974946,33553064,33548800,33548800,8387200,0,33548800,2157,33974286,n/a,n/a,n/a,n/a,n/a,360,654999.25,6371323.41,0,n/a
1,explicit_mcast,2,2,32,96,12288,49184,5641440,8885184.40,174720,174720,8386560,8386560,0,0,0,8386560,0,2146959360,0,2146959360,67092480,0,67092480,2146959360,67092480,33923484,33559182,33546240,33546240,8386560,0,33546240,4148,33911841,n/a,n/a,n/a,n/a,n/a,360,648843.88,6847789.09,0,n/a
1,explicit_mcast,2,2,64,48,12288,49184,5640032,8882996.50,174720,174720,8386560,8386560,0,0,0,8386560,0,2146959360,0,2146959360,67092480,0,67092480,2146959360,67092480,33923830,33559379,33546240,33546240,8386560,0,33546240,4193,33912407,n/a,n/a,n/a,n/a,n/a,360,641389.44,6874897.24,0,n/a
1,explicit_mcast,2,2,128,24,12288,49184,5569440,8771757.90,174720,174720,8386560,8386560,0,0,0,8386560,0,2146959360,0,2146959360,67092480,0,67092480,2146959360,67092480,33915002,33556463,33546240,33546240,8386560,0,33546240,4249,33912459,n/a,n/a,n/a,n/a,n/a,360,645585.72,6712746.79,0,n/a
1,explicit_mcast,2,2,32,112,14336,57376,5452160,8587058,149760,149760,8386560,8386560,0,0,0,8386560,0,2146959360,0,2146959360,67092480,0,67092480,2146959360,67092480,33851866,33550108,33546240,33546240,8386560,0,33546240,2274,33852146,n/a,n/a,n/a,n/a,n/a,360,576160.89,6801630.76,0,n/a
1,explicit_mcast,2,2,64,56,14336,57376,5444416,8574914.60,149760,149760,8386560,8386560,0,0,0,8386560,0,2146959360,0,2146959360,67092480,0,67092480,2146959360,67092480,33852939,33550586,33546240,33546240,8386560,0,33546240,12381,33852221,n/a,n/a,n/a,n/a,n/a,360,572649.29,6813129.31,0,n/a
1,explicit_mcast,2,2,128,28,14336,57376,5472480,8619106.60,149760,149760,8386560,8386560,0,0,0,8386560,0,2146959360,0,2146959360,67092480,0,67092480,2146959360,67092480,33852766,33550539,33546240,33546240,8386560,0,33546240,10810,33850130,n/a,n/a,n/a,n/a,n/a,360,595416.26,6788303.81,0,n/a
1,explicit_mcast,2,2,32,128,16384,65568,5438048,8564864.40,131040,131040,8386560,8386560,0,0,0,8386560,0,2146959360,0,2146959360,67092480,0,67092480,2146959360,67092480,33815382,33550468,33546240,33546240,8386560,0,33546240,2099,33812588,n/a,n/a,n/a,n/a,n/a,360,530106.65,6966766.97,0,n/a
1,explicit_mcast,2,2,64,64,16384,65568,4108608,6470999.70,131040,131040,8386560,8386560,0,0,0,8386560,0,2146959360,0,2146959360,67092480,0,67092480,2146959360,67092480,33814680,33549891,33546240,33546240,8386560,0,33546240,2222,33812083,n/a,n/a,n/a,n/a,n/a,360,473239.72,4998788.92,0,n/a
1,explicit_mcast,2,2,128,32,16384,65568,5611872,8838599.10,131040,131040,8386560,8386560,0,0,0,8386560,0,2146959360,0,2146959360,67092480,0,67092480,2146959360,67092480,33827086,33554214,33546240,33546240,8386560,0,33546240,6346,33813953,n/a,n/a,n/a,n/a,n/a,360,562593.03,7169158.25,0,n/a
1,explicit_mcast,2,2,32,160,20480,81952,5492000,8649781.20,104800,104800,8384000,8384000,0,0,0,8384000,0,2146304000,0,2146304000,67072000,0,67072000,2146304000,67072000,33755841,33540917,33536000,33536000,8384000,0,33536000,4375,33763570,n/a,n/a,n/a,n/a,n/a,360,505355.39,7211027.75,0,n/a
1,explicit_mcast,2,2,64,80,20480,81952,5508608,8675968,104800,104800,8384000,8384000,0,0,0,8384000,0,2146304000,0,2146304000,67072000,0,67072000,2146304000,67072000,33757287,33541660,33536000,33536000,8384000,0,33536000,9568,33755670,n/a,n/a,n/a,n/a,n/a,360,512668.09,7198731.06,0,n/a
1,explicit_mcast,2,2,128,40,20480,81952,4422144,6964803.20,104800,104800,8384000,8384000,0,0,0,8384000,0,2146304000,0,2146304000,67072000,0,67072000,2146304000,67072000,33771025,33547701,33536000,33536000,8384000,0,33536000,4276,33750843,n/a,n/a,n/a,n/a,n/a,360,478781.12,5579620.58,0,n/a
1,explicit_mcast,2,2,32,176,22528,90144,5458048,8596333.30,95280,95280,8384640,8384640,0,0,0,8384640,0,2146467840,0,2146467840,67077120,0,67077120,2146467840,67077120,33734981,33541571,33538560,33538560,8384640,0,33538560,4406,33734234,n/a,n/a,n/a,n/a,n/a,360,543538.75,7123946.99,0,n/a
1,explicit_mcast,2,2,64,88,22528,90144,5674080,8936608.80,95280,95280,8384640,8384640,0,0,0,8384640,0,2146467840,0,2146467840,67077120,0,67077120,2146467840,67077120,33751859,33549625,33538560,33538560,8384640,0,33538560,2174,33737999,n/a,n/a,n/a,n/a,n/a,360,571101.19,7383695.54,0,n/a
1,explicit_mcast,2,2,128,44,22528,90144,5446784,8578565.80,95280,95280,8384640,8384640,0,0,0,8384640,0,2146467840,0,2146467840,67077120,0,67077120,2146467840,67077120,33735337,33542076,33538560,33538560,8384640,0,33538560,11857,33736829,n/a,n/a,n/a,n/a,n/a,360,511236.21,7167107.86,0,n/a
1,explicit_mcast,2,2,64,96,24576,98336,5444256,8574588.50,87360,87360,8386560,8386560,0,0,0,8386560,0,2146959360,0,2146959360,67092480,0,67092480,2146959360,67092480,33727036,33549465,33546240,33546240,8386560,0,33546240,8799,33726399,n/a,n/a,n/a,n/a,n/a,360,511567.95,7181570.81,0,n/a
1,explicit_mcast,2,2,128,48,24576,98336,5512000,8681344.30,87360,87360,8386560,8386560,0,0,0,8386560,0,2146959360,0,2146959360,67092480,0,67092480,2146959360,67092480,33730526,33550379,33546240,33546240,8386560,0,33546240,2274,33725862,n/a,n/a,n/a,n/a,n/a,360,515981.71,7292188.05,0,n/a
1,explicit_mcast,2,2,128,52,26624,106528,5509472,8677345.40,80640,80640,8386560,8386560,0,0,0,8386560,0,2146959360,0,2146959360,67092480,0,67092480,2146959360,67092480,33716921,33550126,33546240,33546240,8386560,0,33546240,4477,33710416,n/a,n/a,n/a,n/a,n/a,360,538021.91,7251094.41,0,n/a
1,explicit_mcast,2,2,128,56,28672,114720,5434688,8559563.90,74880,74880,8386560,8386560,0,0,0,8386560,0,2146959360,0,2146959360,67092480,0,67092480,2146959360,67092480,33701829,33549331,33546240,33546240,8386560,0,33546240,7424,33699152,n/a,n/a,n/a,n/a,n/a,360,531503.38,7135050.55,0,n/a
1,explicit_mcast,2,2,128,60,30720,122912,5426688,8546964.80,69840,69840,8380800,8380800,0,0,0,8380800,0,2145484800,0,2145484800,67046400,0,67046400,2145484800,67046400,33668591,33526193,33523200,33523200,8380800,0,33523200,2284,33665900,n/a,n/a,n/a,n/a,n/a,360,581215.64,7020096.97,0,n/a
1,explicit_mcast,2,2,64,128,32768,131104,5782432,9107297.30,65520,65520,8386560,8386560,0,0,0,8386560,0,2146959360,0,2146959360,67092480,0,67092480,2146959360,67092480,33699852,33556776,33546240,33546240,8386560,0,33546240,2274,33687907,n/a,n/a,n/a,n/a,n/a,360,677910.86,7377130.03,0,n/a
1,explicit_mcast,2,2,128,64,32768,131104,5445856,8577132.90,65520,65520,8386560,8386560,0,0,0,8386560,0,2146959360,0,2146959360,67092480,0,67092480,2146959360,67092480,33683122,33549118,33546240,33546240,8386560,0,33546240,9625,33681903,n/a,n/a,n/a,n/a,n/a,360,545675.51,7129010.22,0,n/a
1,explicit_mcast,2,2,128,72,36864,147488,5774208,9094338.90,58240,58240,8386560,8386560,0,0,0,8386560,0,2146959360,0,2146959360,67092480,0,67092480,2146959360,67092480,33683756,33556149,33546240,33546240,8386560,0,33546240,4169,33674969,n/a,n/a,n/a,n/a,n/a,360,757250.95,7238146.44,0,n/a
1,explicit_mcast,2,2,128,80,40960,163872,5445280,8576203.60,52400,52400,8384000,8384000,0,0,0,8384000,0,2146304000,0,2146304000,67072000,0,67072000,2146304000,67072000,33646169,33538622,33536000,33536000,8384000,0,33536000,2307,33643446,n/a,n/a,n/a,n/a,n/a,360,708214.60,6847847.01,0,n/a
1,explicit_mcast,2,2,64,192,49152,196640,5449152,8582390.20,43680,43680,8386560,8386560,0,0,0,8386560,0,2146959360,0,2146959360,67092480,0,67092480,2146959360,67092480,33638911,33548732,33546240,33546240,8386560,0,33546240,7869,33638364,n/a,n/a,n/a,n/a,n/a,360,711640.44,6896415.30,0,n/a
1,explicit_mcast,2,2,128,96,49152,196640,5571040,8774293.40,43680,43680,8386560,8386560,0,0,0,8386560,0,2146959360,0,2146959360,67092480,0,67092480,2146959360,67092480,33643263,33550091,33546240,33546240,8386560,0,33546240,5991,33641022,n/a,n/a,n/a,n/a,n/a,360,739774.20,7024220.14,0,n/a
1,explicit_mcast,2,2,64,224,57344,229408,5452736,8587973.40,37440,37440,8386560,8386560,0,0,0,8386560,0,2146959360,0,2146959360,67092480,0,67092480,2146959360,67092480,33626186,33548724,33546240,33546240,8386560,0,33546240,2182,33623669,n/a,n/a,n/a,n/a,n/a,360,654822.69,7005861.80,0,n/a
1,explicit_mcast,2,2,128,112,57344,229408,5582752,8792755.70,37440,37440,8386560,8386560,0,0,0,8386560,0,2146959360,0,2146959360,67092480,0,67092480,2146959360,67092480,33629888,33549615,33546240,33546240,8386560,0,33546240,4622,33630727,n/a,n/a,n/a,n/a,n/a,360,704331.05,7106085.31,0,n/a
1,explicit_mcast,4,4,32,8,1024,4128,53990080,85034280.50,2097120,2097120,4194240,4194240,0,0,0,4194240,0,2147450880,0,2147450880,67107840,0,67107840,2147450880,67107840,17917636,16830544,16776960,16776960,4194240,0,16776960,28885,17892091,n/a,n/a,n/a,n/a,n/a,360,4820990.90,24197902.90,0,n/a
1,explicit_mcast,4,4,64,4,1024,4128,54127360,85250513,2097120,2097120,4194240,4194240,0,0,0,4194240,0,2147450880,0,2147450880,67107840,0,67107840,2147450880,67107840,17938399,16838903,16776960,16776960,4194240,0,16776960,35236,17901694,n/a,n/a,n/a,n/a,n/a,360,4900930.80,24235340.75,0,n/a
1,explicit_mcast,4,4,128,4,2048,8224,26638880,41956161.90,1048560,1048560,4194240,4194240,0,0,0,4194240,0,2147450880,0,2147450880,67107840,0,67107840,2147450880,67107840,17359965,16809009,16776960,16776960,4194240,0,16776960,18550,17330369,n/a,n/a,n/a,n/a,n/a,360,2626719.56,11675671.36,0,n/a
1,explicit_mcast,4,4,32,16,2048,8224,26671488,42007493.30,1048560,1048560,4194240,4194240,0,0,0,4194240,0,2147450880,0,2147450880,67107840,0,67107840,2147450880,67107840,17363559,16809941,16776960,16776960,4194240,0,16776960,4195,17340532,n/a,n/a,n/a,n/a,n/a,360,2637945.61,11712164.85,0,n/a
1,explicit_mcast,4,4,64,8,2048,8224,27957824,44033442.40,1048560,1048560,4194240,4194240,0,0,0,4194240,0,2147450880,0,2147450880,67107840,0,67107840,2147450880,67107840,17360007,16809234,16776960,16776960,4194240,0,16776960,18858,17329009,n/a,n/a,n/a,n/a,n/a,360,2584886.74,12683815.70,0,n/a
1,explicit_mcast,4,4,32,32,4096,16416,14419712,22710986.40,524240,524240,4193920,4193920,0,0,0,4193920,0,2147287040,0,2147287040,67102720,0,67102720,2147287040,67102720,17049162,16784418,16775680,16775680,4193920,0,16775680,12301,17072960,n/a,n/a,n/a,n/a,n/a,360,1242285.90,6855259.17,0,n/a
1,explicit_mcast,4,4,64,16,4096,16416,14448256,22755944.30,524240,524240,4193920,4193920,0,0,0,4193920,0,2147287040,0,2147287040,67102720,0,67102720,2147287040,67102720,17069779,16793137,16775680,16775680,4193920,0,16775680,12283,17058910,n/a,n/a,n/a,n/a,n/a,360,1281672.95,6897055.95,0,n/a
1,explicit_mcast,4,4,128,8,4096,16416,13979648,22017853.10,524240,524240,4193920,4193920,0,0,0,4193920,0,2147287040,0,2147287040,67102720,0,67102720,2147287040,67102720,17069952,16793013,16775680,16775680,4193920,0,16775680,20738,17064555,n/a,n/a,n/a,n/a,n/a,360,1303210.29,6496669.11,0,n/a
1,explicit_mcast,4,4,32,48,6144,24608,9848576,15511422.30,349520,349520,4194240,4194240,0,0,0,4194240,0,2147450880,0,2147450880,67107840,0,67107840,2147450880,67107840,17131259,16784523,16776960,16776960,4194240,0,16776960,3991,17126882,n/a,n/a,n/a,n/a,n/a,360,878403.97,4914668.89,0,n/a
1,explicit_mcast,4,4,64,24,6144,24608,10351840,16304061.60,349520,349520,4194240,4194240,0,0,0,4194240,0,2147450880,0,2147450880,67107840,0,67107840,2147450880,67107840,17148073,16792403,16776960,16776960,4194240,0,16776960,12343,17127112,n/a,n/a,n/a,n/a,n/a,360,904235.82,5354243.66,0,n/a
1,explicit_mcast,4,4,128,12,6144,24608,10251104,16145413,349520,349520,4194240,4194240,0,0,0,4194240,0,2147450880,0,2147450880,67107840,0,67107840,2147450880,67107840,17127405,16783580,16776960,16776960,4194240,0,16776960,10394,17125130,n/a,n/a,n/a,n/a,n/a,360,881214.54,5239560.67,0,n/a
1,explicit_mcast,4,4,32,64,8192,32800,8002048,12603188.70,262080,262080,4193280,4193280,0,0,0,4193280,0,2146959360,0,2146959360,67092480,0,67092480,2146959360,67092480,17043377,16778689,16773120,16773120,4193280,0,16773120,10314,17053547,n/a,n/a,n/a,n/a,n/a,360,666374.71,4279852.62,0,n/a
1,explicit_mcast,4,4,64,32,8192,32800,8092160,12745071.30,262080,262080,4193280,4193280,0,0,0,4193280,0,2146959360,0,2146959360,67092480,0,67092480,2146959360,67092480,17047303,16779893,16773120,16773120,4193280,0,16773120,2134,17045776,n/a,n/a,n/a,n/a,n/a,360,682804.80,4333778.38,0,n/a
1,explicit_mcast,4,4,128,16,8192,32800,8009632,12615062.90,262080,262080,4193280,4193280,0,0,0,4193280,0,2146959360,0,2146959360,67092480,0,67092480,2146959360,67092480,17047182,16779904,16773120,16773120,4193280,0,16773120,4030,17040760,n/a,n/a,n/a,n/a,n/a,360,672689.57,4283066.65,0,n/a
1,explicit_mcast,4,4,32,80,10240,40992,6790272,10694606.30,209680,209680,4193600,4193600,0,0,0,4193600,0,2147123200,0,2147123200,67097600,0,67097600,2147123200,67097600,16991865,16779441,16774400,16774400,4193600,0,16774400,2224,16989213,n/a,n/a,n/a,n/a,n/a,360,586824.15,3807056.62,0,n/a
1,explicit_mcast,4,4,64,40,10240,40992,6829184,10755846,209680,209680,4193600,4193600,0,0,0,4193600,0,2147123200,0,2147123200,67097600,0,67097600,2147123200,67097600,16991771,16779448,16774400,16774400,4193600,0,16774400,2086,17003332,n/a,n/a,n/a,n/a,n/a,360,612870.11,3794518.50,0,n/a
1,explicit_mcast,4,4,128,20,10240,40992,6860320,10804931.90,209680,209680,4193600,4193600,0,0,0,4193600,0,2147123200,0,2147123200,67097600,0,67097600,2147123200,67097600,16995391,16780473,16774400,16774400,4193600,0,16774400,4051,16991262,n/a,n/a,n/a,n/a,n/a,360,617100.78,3828164.61,0,n/a
1,explicit_mcast,4,4,32,96,12288,49184,5967328,9398434.70,174720,174720,4193280,4193280,0,0,0,4193280,0,2146959360,0,2146959360,67092480,0,67092480,2146959360,67092480,16954905,16777677,16773120,16773120,4193280,0,16773120,2071,16952364,n/a,n/a,n/a,n/a,n/a,360,570408.99,3385881.27,0,n/a
1,explicit_mcast,4,4,64,48,12288,49184,6119296,9637803.40,174720,174720,4193280,4193280,0,0,0,4193280,0,2146959360,0,2146959360,67092480,0,67092480,2146959360,67092480,16976042,16786604,16773120,16773120,4193280,0,16773120,2169,16966812,n/a,n/a,n/a,n/a,n/a,360,558757.03,3417390.58,0,n/a
1,explicit_mcast,4,4,128,24,12288,49184,5920576,9324782.10,174720,174720,4193280,4193280,0,0,0,4193280,0,2146959360,0,2146959360,67092480,0,67092480,2146959360,67092480,16954960,16777698,16773120,16773120,4193280,0,16773120,2236,16954605,n/a,n/a,n/a,n/a,n/a,360,542490.49,3393610.15,0,n/a
1,explicit_mcast,4,4,32,112,14336,57376,5423584,8542033.10,149760,149760,4193280,4193280,0,0,0,4193280,0,2146959360,0,2146959360,67092480,0,67092480,2146959360,67092480,16929979,16777479,16773120,16773120,4193280,0,16773120,2155,16929323,n/a,n/a,n/a,n/a,n/a,360,530628.06,3168903.80,0,n/a
1,explicit_mcast,4,4,64,56,14336,57376,5103616,8038094.60,149760,149760,4193280,4193280,0,0,0,4193280,0,2146959360,0,2146959360,67092480,0,67092480,2146959360,67092480,16929956,16777376,16773120,16773120,4193280,0,16773120,4053,16941363,n/a,n/a,n/a,n/a,n/a,360,503653.49,2890089.55,0,n/a
1,explicit_mcast,4,4,128,28,14336,57376,5413824,8526658.40,149760,149760,4193280,4193280,0,0,0,4193280,0,2146959360,0,2146959360,67092480,0,67092480,2146959360,67092480,16930020,16777483,16773120,16773120,4193280,0,16773120,17707,16929207,n/a,n/a,n/a,n/a,n/a,360,531690.54,3146928.84,0,n/a
1,explicit_mcast,4,4,32,128,16384,65568,4948128,7793205.60,131040,131040,4193280,4193280,0,0,0,4193280,0,2146959360,0,2146959360,67092480,0,67092480,2146959360,67092480,16914414,16778278,16773120,16773120,4193280,0,16773120,4055,16910304,n/a,n/a,n/a,n/a,n/a,360,526092.79,2905543.67,0,n/a
1,explicit_mcast,4,4,64,64,16384,65568,5060032,7969478.50,131040,131040,4193280,4193280,0,0,0,4193280,0,2146959360,0,2146959360,67092480,0,67092480,2146959360,67092480,16931672,16786107,16773120,16773120,4193280,0,16773120,4037,16920897,n/a,n/a,n/a,n/a,n/a,360,524565.45,2921702.27,0,n/a
1,explicit_mcast,4,4,128,32,16384,65568,4973664,7833389.80,131040,131040,4193280,4193280,0,0,0,4193280,0,2146959360,0,2146959360,67092480,0,67092480,2146959360,67092480,16914786,16778376,16773120,16773120,4193280,0,16773120,4107,16910380,n/a,n/a,n/a,n/a,n/a,360,533200.01,2927829.04,0,n/a
1,explicit_mcast,4,4,32,160,20480,81952,4472960,7044810.80,104800,104800,4192000,4192000,0,0,0,4192000,0,2146304000,0,2146304000,67072000,0,67072000,2146304000,67072000,16882946,16772944,16768000,16768000,4192000,0,16768000,9446,16876662,n/a,n/a,n/a,n/a,n/a,360,483504.61,2617567.70,0,n/a
1,explicit_mcast,4,4,64,80,20480,81952,4248512,6691292.10,104800,104800,4192000,4192000,0,0,0,4192000,0,2146304000,0,2146304000,67072000,0,67072000,2146304000,67072000,16888704,16775972,16768000,16768000,4192000,0,16768000,4110,16878572,n/a,n/a,n/a,n/a,n/a,360,466048.29,2466546.76,0,n/a
1,explicit_mcast,4,4,128,40,20480,81952,4408192,6942819.90,104800,104800,4192000,4192000,0,0,0,4192000,0,2146304000,0,2146304000,67072000,0,67072000,2146304000,67072000,16879380,16771839,16768000,16768000,4192000,0,16768000,2156,16878658,n/a,n/a,n/a,n/a,n/a,360,504074.53,2618172.50,0,n/a
1,explicit_mcast,4,4,32,176,22528,90144,4363200,6871930.90,95280,95280,4192320,4192320,0,0,0,4192320,0,2146467840,0,2146467840,67077120,0,67077120,2146467840,67077120,16891826,16781847,16769280,16769280,4192320,0,16769280,12496,16882435,n/a,n/a,n/a,n/a,n/a,360,507731.08,2623832.21,0,n/a
1,explicit_mcast,4,4,64,88,22528,90144,4404032,6936254.90,95280,95280,4192320,4192320,0,0,0,4192320,0,2146467840,0,2146467840,67077120,0,67077120,2146467840,67077120,16893182,16782247,16769280,16769280,4192320,0,16769280,2212,16868392,n/a,n/a,n/a,n/a,n/a,360,510170.55,2614526.16,0,n/a
1,explicit_mcast,4,4,128,44,22528,90144,4341952,6838498.70,95280,95280,4192320,4192320,0,0,0,4192320,0,2146467840,0,2146467840,67077120,0,67077120,2146467840,67077120,16882868,16776161,16769280,16769280,4192320,0,16769280,4149,16870404,n/a,n/a,n/a,n/a,n/a,360,491499.88,2578524.59,0,n/a
1,explicit_mcast,4,4,64,96,24576,98336,4225856,6655596.10,87360,87360,4193280,4193280,0,0,0,4193280,0,2146959360,0,2146959360,67092480,0,67092480,2146959360,67092480,16882830,16781172,16773120,16773120,4193280,0,16773120,2156,16866263,n/a,n/a,n/a,n/a,n/a,360,468458.30,2566568.74,0,n/a
1,explicit_mcast,4,4,128,48,24576,98336,4052576,6382714.20,87360,87360,4193280,4193280,0,0,0,4193280,0,2146959360,0,2146959360,67092480,0,67092480,2146959360,67092480,16866883,16776796,16773120,16773120,4193280,0,16773120,12558,16864209,n/a,n/a,n/a,n/a,n/a,360,484994.83,2456508.95,0,n/a
1,explicit_mcast,4,4,128,52,26624,106528,3956544,6231464.20,80640,80640,4193280,4193280,0,0,0,4193280,0,2146959360,0,2146959360,67092480,0,67092480,2146959360,67092480,16860090,16776773,16773120,16773120,4193280,0,16773120,4221,16859291,n/a,n/a,n/a,n/a,n/a,360,490241.08,2414012.79,0,n/a
1,explicit_mcast,4,4,128,56,28672,114720,3532608,5563757.10,74880,74880,4193280,4193280,0,0,0,4193280,0,2146959360,0,2146959360,67092480,0,67092480,2146959360,67092480,16854261,16776585,16773120,16773120,4193280,0,16773120,4089,16865699,n/a,n/a,n/a,n/a,n/a,360,443385.64,2088556.50,0,n/a
1,explicit_mcast,4,4,128,60,30720,122912,3805632,5993757.60,69840,69840,4190400,4190400,0,0,0,4190400,0,2145484800,0,2145484800,67046400,0,67046400,2145484800,67046400,16856034,16772988,16761600,16761600,4190400,0,16761600,5303,16836991,n/a,n/a,n/a,n/a,n/a,360,453929.21,2369306.84,0,n/a
1,explicit_mcast,4,4,64,128,32768,131104,3670624,5781150.70,65520,65520,4193280,4193280,0,0,0,4193280,0,2146959360,0,2146959360,67092480,0,67092480,2146959360,67092480,16844677,16776550,16773120,16773120,4193280,0,16773120,2258,16844098,n/a,n/a,n/a,n/a,n/a,360,481562.44,2298985.79,0,n/a
1,explicit_mcast,4,4,128,64,32768,131104,3690528,5812513.30,65520,65520,4193280,4193280,0,0,0,4193280,0,2146959360,0,2146959360,67092480,0,67092480,2146959360,67092480,16844896,16776644,16773120,16773120,4193280,0,16773120,4202,16844238,n/a,n/a,n/a,n/a,n/a,360,488668.78,2313776.52,0,n/a
1,explicit_mcast,4,4,128,72,36864,147488,3591168,5656035.40,58240,58240,4193280,4193280,0,0,0,4193280,0,2146959360,0,2146959360,67092480,0,67092480,2146959360,67092480,16848327,16780508,16773120,16773120,4193280,0,16773120,2082,16836744,n/a,n/a,n/a,n/a,n/a,360,429702.60,2369223.33,0,n/a
1,explicit_mcast,4,4,128,80,40960,163872,3446304,5427829,52400,52400,4192000,4192000,0,0,0,4192000,0,2146304000,0,2146304000,67072000,0,67072000,2146304000,67072000,16826441,16771425,16768000,16768000,4192000,0,16768000,5262,16823652,n/a,n/a,n/a,n/a,n/a,360,428996.78,2318635.67,0,n/a
1,explicit_mcast,4,4,64,192,49152,196640,3404768,5362408.50,43680,43680,4193280,4193280,0,0,0,4193280,0,2146959360,0,2146959360,67092480,0,67092480,2146959360,67092480,16846767,16785207,16773120,16773120,4193280,0,16773120,10603,16824063,n/a,n/a,n/a,n/a,n/a,360,436952.15,2399144.84,0,n/a
1,explicit_mcast,4,4,128,96,49152,196640,3309824,5212899.60,43680,43680,4193280,4193280,0,0,0,4193280,0,2146959360,0,2146959360,67092480,0,67092480,2146959360,67092480,16827104,16776393,16773120,16773120,4193280,0,16773120,4284,16826254,n/a,n/a,n/a,n/a,n/a,360,427764.71,2347262.21,0,n/a
1,explicit_mcast,4,4,64,224,57344,229408,3261760,5137167.80,37440,37440,4193280,4193280,0,0,0,4193280,0,2146959360,0,2146959360,67092480,0,67092480,2146959360,67092480,16823516,16777321,16773120,16773120,4193280,0,16773120,4230,16819604,n/a,n/a,n/a,n/a,n/a,360,442655.60,2355265.79,0,n/a
1,explicit_mcast,4,4,128,112,57344,229408,3250912,5120102.30,37440,37440,4193280,4193280,0,0,0,4193280,0,2146959360,0,2146959360,67092480,0,67092480,2146959360,67092480,16819410,16776068,16773120,16773120,4193280,0,16773120,2244,16818921,n/a,n/a,n/a,n/a,n/a,360,401955.84,2365434.23,0,n/a
